@,@1Howlonghaveyouworkedinthisorganization,@2Whatisyourgender,@3Whatsyourageinyears,@4whatisyoureducationallevel,@5WhichfunctionsdoyouuseinERPsystem,@6HowoftendoyouusemobileERPsystem,@7WhatisthenameofthemobileERPsystemtypicallyusediny,@8Whichmobiledevicedoyouuse,@9Whohastheownershipofthedevice,PS1,PS2,PS3,PS4,PS5,PSave,MD1,MD2,MD3,MD4,MD5,MD6,MDave,WN1,WN2,WN3,WN4,WN5,WN6,WNave,Cl1,Cl2,Cl3,Cl4,Cl5,Cl6,Cloudave,APP1,APP2,APP3,APP4,APP5,APP6,APPave,Da1,Da2,Da3,Da4,Da5,Da6,DATAave,ENT1,ENT2,ENT3,ENT4,ENT5,ENT6,ENTave
3,6-10year,Female,20-29,college,Human Resource,1-2 times per day,Other,others,Company owned,10.0,10.0,10.0,10.0,10.0,10.0,7.0,8.0,5.0,8.0,5.0,9.0,7.00,5.0,5.0,5.0,5.0,5.0,5.0,5.00,8.0,9.0,9.0,9.0,8.0,8.0,8.50,8.0,9.0,9.0,8.0,8.0,8.0,8.33,10.0,10.0,9.0,9.0,10.0,4.0,8.67,10.0,10.0,10.0,10.0,10.0,10.0,10.00
15,more than 10 year,Female,30-39,master degree,accounting,1-2 times per day,Kingdee,iPhone,User owned,10.0,10.0,6.0,10.0,10.0,9.2,2.0,2.0,5.0,0.0,2.0,5.0,2.67,7.0,4.0,6.0,7.0,3.0,7.0,5.67,9.0,9.0,10.0,10.0,7.0,6.0,8.50,9.0,9.0,6.0,8.0,8.0,9.0,8.17,3.0,2.0,2.0,2.0,2.0,3.0,2.33,10.0,10.0,10.0,10.0,10.0,10.0,10.00
185,1-2year,Intersex,30-39,undergraduate,Human Resource,6-10 times per day,Yonyou,Samsung phone,Company owned,9.0,9.0,9.0,9.0,9.0,9.0,6.0,7.0,8.0,7.0,8.0,8.0,7.33,8.0,9.0,9.0,10.0,10.0,10.0,9.33,3.0,1.0,4.0,6.0,4.0,4.0,3.67,9.0,6.0,9.0,8.0,5.0,8.0,7.50,8.0,9.0,8.0,8.0,9.0,8.0,8.33,7.0,7.0,8.0,6.0,6.0,7.0,6.83
29,1-2year,Male,30-39,undergraduate,Manufacturing,1-2 times per day,Yonyou,iPhone,User owned,9.0,9.0,9.0,9.0,9.0,9.0,7.0,8.0,8.0,7.0,8.0,8.0,7.67,8.0,8.0,9.0,9.0,9.0,10.0,8.83,7.0,7.0,7.0,8.0,8.0,2.0,6.50,6.0,7.0,7.0,7.0,7.0,7.0,6.83,6.0,7.0,7.0,7.0,8.0,8.0,7.17,8.0,8.0,8.0,9.0,10.0,10.0,8.83
94,more than 10 year,Male,more than 50,Phd degree,sales,6-10 times per day,Yonyou,Samsung phone,Both,9.0,9.0,9.0,9.0,9.0,9.0,8.0,9.0,7.0,7.0,8.0,8.0,7.83,7.0,8.0,8.0,7.0,7.0,6.0,7.17,8.0,8.0,9.0,9.0,10.0,8.0,8.67,8.0,9.0,9.0,9.0,9.0,9.0,8.83,9.0,9.0,8.0,8.0,9.0,9.0,8.67,7.0,7.0,8.0,8.0,8.0,7.0,7.50
4,3-5year,Female,30-39,undergraduate,inventory,1-2 times per day,Other,iPhone,User owned,10.0,10.0,10.0,7.0,7.0,8.8,8.0,3.0,1.0,6.0,9.0,7.0,5.67,6.0,6.0,6.0,6.0,6.0,6.0,6.00,7.0,7.0,7.0,8.0,8.0,8.0,7.50,7.0,8.0,8.0,4.0,7.0,7.0,6.83,9.0,9.0,9.0,9.0,10.0,9.0,9.17,10.0,10.0,5.0,9.0,10.0,10.0,9.00
162,3-5year,Intersex,more than 50,Phd degree,inventory,6-10 times per day,Yonyou,Huawei tablet,User owned,8.0,9.0,9.0,8.0,9.0,8.6,8.0,9.0,5.0,7.0,8.0,6.0,7.17,8.0,9.0,9.0,9.0,10.0,10.0,9.17,10.0,9.0,10.0,7.0,6.0,7.0,8.17,8.0,8.0,9.0,7.0,7.0,8.0,7.83,4.0,6.0,6.0,7.0,7.0,7.0,6.17,8.0,8.0,6.0,6.0,6.0,7.0,6.83
2,1-2year,Male,20-29,undergraduate,accounting,3-5 times per day,Other,iPhone,User owned,10.0,10.0,8.0,7.0,8.0,8.6,7.0,7.0,6.0,6.0,6.0,8.0,6.67,6.0,6.0,6.0,6.0,6.0,7.0,6.17,6.0,7.0,7.0,8.0,8.0,8.0,7.33,8.0,8.0,8.0,8.0,8.0,7.0,7.83,6.0,5.0,5.0,6.0,5.0,6.0,5.50,6.0,6.0,6.0,6.0,6.0,6.0,6.00
114,3-5year,Male,30-39,undergraduate,Procurement,6-10 times per day,Kingdee,Huawei phone,User owned,7.0,8.0,8.0,9.0,9.0,8.2,7.0,8.0,8.0,7.0,8.0,8.0,7.67,7.0,7.0,8.0,8.0,8.0,9.0,7.83,7.0,7.0,8.0,8.0,8.0,8.0,7.67,7.0,8.0,8.0,9.0,9.0,9.0,8.33,7.0,7.0,7.0,7.0,8.0,8.0,7.33,7.0,6.0,7.0,7.0,6.0,6.0,6.50
92,1-2year,Male,30-39,college,Human Resource,3-5 times per day,Kingdee,iPhone,User owned,8.0,8.0,9.0,8.0,8.0,8.2,6.0,2.0,7.0,6.0,8.0,5.0,5.67,8.0,8.0,9.0,9.0,9.0,9.0,8.67,6.0,5.0,7.0,7.0,6.0,7.0,6.33,7.0,7.0,8.0,8.0,4.0,7.0,6.83,7.0,7.0,7.0,8.0,8.0,8.0,7.50,6.0,6.0,6.0,6.0,10.0,10.0,7.33
18,6-10year,Male,20-29,Phd degree,sales,1-2 times per day,NERP,Huawei phone,User owned,8.0,8.0,8.0,8.0,8.0,8.0,6.0,6.0,8.0,6.0,9.0,7.0,7.00,7.0,8.0,8.0,3.0,4.0,7.0,6.17,7.0,7.0,2.0,7.0,7.0,7.0,6.17,6.0,7.0,4.0,6.0,7.0,7.0,6.17,8.0,4.0,6.0,7.0,7.0,7.0,6.50,6.0,8.0,10.0,9.0,9.0,9.0,8.50
117,1-2year,Male,30-39,master degree,Finance,6-10 times per day,Kingdee,Sony phone,Company owned,8.0,9.0,7.0,8.0,8.0,8.0,9.0,9.0,7.0,6.0,9.0,7.0,7.83,6.0,6.0,6.0,6.0,5.0,5.0,5.67,4.0,4.0,4.0,6.0,5.0,5.0,4.67,7.0,7.0,7.0,7.0,7.0,8.0,7.17,6.0,5.0,5.0,6.0,5.0,6.0,5.50,6.0,5.0,5.0,5.0,5.0,6.0,5.33
13,1-2year,Male,20-29,undergraduate,Budget,1-2 times per day,Superdata software,Huawei phone,User owned,8.0,8.0,8.0,8.0,8.0,8.0,6.0,7.0,8.0,7.0,8.0,8.0,7.33,6.0,6.0,7.0,6.0,8.0,7.0,6.67,8.0,8.0,8.0,8.0,9.0,8.0,8.17,9.0,7.0,8.0,8.0,8.0,9.0,8.17,5.0,6.0,6.0,7.0,7.0,7.0,6.33,8.0,8.0,8.0,8.0,8.0,8.0,8.00
231,3-5year,Male,20-29,Phd degree,Finance,6-10 times per day,Kingdee,iPhone,User owned,8.0,8.0,8.0,8.0,8.0,8.0,8.0,9.0,5.0,8.0,7.0,8.0,7.50,4.0,6.0,7.0,7.0,8.0,8.0,6.67,7.0,7.0,8.0,8.0,9.0,2.0,6.83,7.0,4.0,7.0,8.0,8.0,8.0,7.00,4.0,6.0,6.0,7.0,7.0,7.0,6.17,8.0,8.0,8.0,8.0,8.0,7.0,7.83
38,3-5year,Male,30-39,college,Finance,6-10 times per day,Yonyou,Huawei phone,User owned,8.0,8.0,8.0,8.0,8.0,8.0,6.0,6.0,6.0,6.0,6.0,6.0,6.00,7.0,8.0,8.0,7.0,6.0,6.0,7.00,8.0,8.0,8.0,8.0,9.0,8.0,8.17,8.0,8.0,9.0,8.0,9.0,9.0,8.50,8.0,8.0,8.0,6.0,7.0,7.0,7.33,9.0,3.0,9.0,10.0,10.0,10.0,8.50
37,3-5year,Male,30-39,master degree,sales,6-10 times per day,Yonyou,Huawei tablet,User owned,8.0,9.0,8.0,7.0,8.0,8.0,6.0,6.0,8.0,7.0,5.0,9.0,6.83,7.0,8.0,8.0,8.0,9.0,9.0,8.17,7.0,7.0,8.0,8.0,9.0,8.0,7.83,7.0,7.0,7.0,8.0,9.0,9.0,7.83,6.0,6.0,7.0,7.0,8.0,8.0,7.00,9.0,9.0,9.0,8.0,8.0,8.0,8.50
226,1-2year,Male,20-29,master degree,accounting,6-10 times per day,Yonyou,Huawei tablet,User owned,8.0,8.0,8.0,8.0,8.0,8.0,6.0,6.0,6.0,8.0,5.0,7.0,6.33,7.0,8.0,8.0,7.0,6.0,7.0,7.17,4.0,5.0,5.0,5.0,5.0,5.0,4.83,7.0,8.0,8.0,6.0,7.0,7.0,7.17,7.0,7.0,7.0,7.0,8.0,8.0,7.33,6.0,5.0,6.0,5.0,6.0,5.0,5.50
75,3-5year,Male,20-29,high school,sales,6-10 times per day,Kingdee,Huawei phone,User owned,8.0,8.0,8.0,8.0,8.0,8.0,6.0,6.0,6.0,8.0,5.0,7.0,6.33,8.0,9.0,9.0,7.0,9.0,7.0,8.17,8.0,8.0,8.0,8.0,9.0,2.0,7.17,5.0,7.0,7.0,8.0,9.0,8.0,7.33,6.0,6.0,7.0,7.0,8.0,8.0,7.00,8.0,9.0,8.0,8.0,8.0,8.0,8.17
155,1-2year,Male,more than 50,Phd degree,Manufacturing,6-10 times per day,Yonyou,Samsung tablet,Both,8.0,8.0,9.0,8.0,6.0,7.8,6.0,2.0,7.0,4.0,9.0,5.0,5.50,7.0,7.0,7.0,8.0,9.0,8.0,7.67,7.0,7.0,8.0,8.0,8.0,8.0,7.67,7.0,8.0,8.0,7.0,9.0,9.0,8.00,6.0,6.0,6.0,7.0,8.0,7.0,6.67,5.0,4.0,4.0,5.0,5.0,5.0,4.67
255,1-2year,Male,20-29,Phd degree,accounting,6-10 times per day,Yonyou,Samsung phone,Both,6.0,8.0,8.0,8.0,9.0,7.8,6.0,3.0,10.0,7.0,8.0,8.0,7.00,7.0,7.0,8.0,8.0,9.0,9.0,8.00,5.0,5.0,5.0,6.0,6.0,6.0,5.50,8.0,9.0,9.0,8.0,8.0,8.0,8.33,9.0,9.0,8.0,8.0,9.0,9.0,8.67,9.0,10.0,10.0,10.0,10.0,10.0,9.83
233,6-10year,Male,40-49,college,Budget,6-10 times per day,Kingdee,Huawei phone,User owned,7.0,8.0,8.0,8.0,8.0,7.8,6.0,7.0,5.0,7.0,8.0,6.0,6.50,7.0,8.0,8.0,7.0,8.0,7.0,7.50,6.0,6.0,6.0,6.0,6.0,6.0,6.00,8.0,8.0,8.0,8.0,9.0,9.0,8.33,7.0,7.0,7.0,6.0,7.0,7.0,6.83,7.0,7.0,7.0,7.0,7.0,6.0,6.83
112,1-2year,Male,less than 20,undergraduate,Human Resource,6-10 times per day,Yonyou,Huawei phone,User owned,8.0,8.0,7.0,8.0,8.0,7.8,6.0,6.0,4.0,5.0,6.0,4.0,5.17,6.0,6.0,7.0,6.0,7.0,7.0,6.50,5.0,5.0,5.0,6.0,5.0,5.0,5.17,8.0,8.0,8.0,5.0,8.0,8.0,7.50,6.0,6.0,7.0,6.0,7.0,7.0,6.50,5.0,5.0,4.0,7.0,7.0,5.0,5.50
325,6-10year,Male,30-39,master degree,Budget,1-2 times per day,NERP,Huawei phone,User owned,8.0,9.0,8.0,6.0,8.0,7.8,7.0,7.0,8.0,7.0,5.0,9.0,7.17,8.0,9.0,9.0,9.0,9.0,10.0,9.00,7.0,6.0,7.0,7.0,7.0,7.0,6.83,6.0,7.0,7.0,7.0,7.0,7.0,6.83,9.0,9.0,8.0,8.0,9.0,9.0,8.67,9.0,9.0,8.0,8.0,9.0,10.0,8.83
339,6-10year,Male,20-29,college,Human Resource,6-10 times per day,Yonyou,Samsung tablet,Both,8.0,7.0,8.0,8.0,7.0,7.6,7.0,8.0,8.0,7.0,8.0,2.0,6.67,9.0,9.0,10.0,7.0,8.0,6.0,8.17,5.0,5.0,5.0,7.0,6.0,6.0,5.67,7.0,8.0,8.0,8.0,4.0,7.0,7.00,8.0,8.0,8.0,8.0,9.0,8.0,8.17,9.0,9.0,9.0,8.0,8.0,8.0,8.50
187,1-2year,Male,20-29,undergraduate,Finance,3-5 times per day,Kingdee,iPhone,User owned,8.0,8.0,9.0,8.0,5.0,7.6,4.0,5.0,7.0,4.0,7.0,6.0,5.50,5.0,5.0,5.0,5.0,5.0,5.0,5.00,8.0,8.0,7.0,7.0,7.0,7.0,7.33,9.0,9.0,9.0,10.0,7.0,4.0,8.00,6.0,6.0,6.0,7.0,8.0,8.0,6.83,3.0,3.0,8.0,2.0,3.0,3.0,3.67
265,3-5year,Male,less than 20,high school,Human Resource,1-2 times per day,NERP,iPhone,User owned,5.0,8.0,8.0,8.0,9.0,7.6,5.0,5.0,7.0,4.0,5.0,7.0,5.50,8.0,8.0,9.0,3.0,3.0,7.0,6.33,6.0,6.0,7.0,7.0,7.0,7.0,6.67,6.0,6.0,6.0,6.0,6.0,7.0,6.17,8.0,8.0,8.0,8.0,8.0,8.0,8.00,10.0,10.0,10.0,9.0,9.0,10.0,9.67
149,less than 1 year,Male,more than 50,master degree,accounting,6-10 times per day,Yonyou,Huawei tablet,User owned,6.0,8.0,8.0,8.0,8.0,7.6,7.0,5.0,7.0,4.0,5.0,7.0,5.83,7.0,7.0,8.0,5.0,8.0,3.0,6.33,6.0,7.0,7.0,7.0,3.0,7.0,6.17,7.0,8.0,8.0,8.0,9.0,9.0,8.17,7.0,7.0,7.0,7.0,8.0,8.0,7.33,8.0,8.0,7.0,8.0,7.0,8.0,7.67
22,3-5year,Male,20-29,Phd degree,accounting,6-10 times per day,Yonyou,Huawei tablet,User owned,8.0,7.0,7.0,7.0,8.0,7.4,5.0,5.0,7.0,4.0,5.0,7.0,5.50,8.0,8.0,8.0,7.0,8.0,7.0,7.67,8.0,8.0,6.0,7.0,7.0,7.0,7.17,6.0,6.0,6.0,7.0,8.0,8.0,6.83,7.0,7.0,7.0,7.0,8.0,8.0,7.33,4.0,6.0,5.0,6.0,6.0,9.0,6.00
337,6-10year,Female,more than 50,master degree,Procurement,More than 10 times per day,Kingdee,blackberry phone,User owned,9.0,9.0,5.0,8.0,5.0,7.2,9.0,9.0,7.0,7.0,8.0,8.0,8.00,7.0,8.0,8.0,9.0,8.0,7.0,7.83,5.0,4.0,4.0,4.0,3.0,3.0,3.83,7.0,7.0,7.0,7.0,7.0,8.0,7.17,7.0,7.0,7.0,7.0,8.0,8.0,7.33,6.0,6.0,6.0,6.0,6.0,6.0,6.00
123,less than 1 year,Female,20-29,Phd degree,accounting,More than 10 times per day,Yonyou,Huawei tablet,User owned,8.0,8.0,6.0,8.0,6.0,7.2,8.0,9.0,4.0,7.0,8.0,7.0,7.17,7.0,7.0,8.0,8.0,3.0,7.0,6.67,7.0,7.0,6.0,7.0,7.0,5.0,6.50,7.0,8.0,8.0,7.0,7.0,8.0,7.50,7.0,7.0,7.0,8.0,8.0,8.0,7.50,5.0,6.0,6.0,7.0,7.0,7.0,6.33
76,3-5year,Male,20-29,high school,Finance,6-10 times per day,Yonyou,Huawei phone,User owned,7.0,6.0,9.0,8.0,5.0,7.0,5.0,7.0,5.0,7.0,8.0,5.0,6.17,7.0,8.0,8.0,7.0,5.0,7.0,7.00,7.0,3.0,7.0,7.0,7.0,7.0,6.33,9.0,9.0,9.0,7.0,7.0,8.0,8.17,8.0,9.0,8.0,8.0,9.0,8.0,8.33,6.0,6.0,6.0,6.0,6.0,6.0,6.00
244,6-10year,Male,20-29,master degree,Human Resource,More than 10 times per day,Yonyou,Huawei phone,User owned,7.0,6.0,7.0,8.0,7.0,7.0,6.0,7.0,5.0,7.0,8.0,5.0,6.33,7.0,8.0,8.0,8.0,7.0,9.0,7.83,9.0,9.0,9.0,9.0,10.0,9.0,9.17,6.0,7.0,6.0,6.0,5.0,5.0,5.83,7.0,7.0,7.0,6.0,7.0,5.0,6.50,7.0,5.0,5.0,7.0,8.0,8.0,6.67
68,3-5year,Male,20-29,undergraduate,sales,6-10 times per day,Kingdee,iPhone,User owned,7.0,7.0,6.0,8.0,7.0,7.0,8.0,9.0,5.0,7.0,8.0,6.0,7.17,4.0,6.0,7.0,7.0,7.0,8.0,6.50,7.0,3.0,7.0,7.0,7.0,7.0,6.33,5.0,4.0,4.0,4.0,4.0,4.0,4.17,6.0,5.0,5.0,6.0,5.0,6.0,5.50,6.0,6.0,9.0,7.0,9.0,7.0,7.33
7,3-5year,Female,20-29,college,accounting,1-2 times per day,Superdata software,Ipad,User owned,6.0,6.0,7.0,9.0,7.0,7.0,7.0,7.0,8.0,4.0,7.0,8.0,6.83,7.0,7.0,7.0,4.0,7.0,7.0,6.50,5.0,5.0,5.0,6.0,6.0,6.0,5.50,6.0,7.0,7.0,8.0,9.0,9.0,7.67,5.0,6.0,6.0,7.0,7.0,7.0,6.33,8.0,8.0,8.0,8.0,8.0,8.0,8.00
305,1-2year,Male,30-39,Phd degree,sales,6-10 times per day,Yonyou,Huawei tablet,User owned,6.0,6.0,8.0,8.0,7.0,7.0,6.0,6.0,8.0,4.0,7.0,8.0,6.50,3.0,3.0,4.0,4.0,4.0,3.0,3.50,7.0,7.0,8.0,8.0,8.0,5.0,7.17,5.0,6.0,6.0,6.0,7.0,6.0,6.00,7.0,7.0,4.0,6.0,6.0,7.0,6.17,5.0,6.0,5.0,6.0,5.0,6.0,5.50
157,more than 10 year,Male,20-29,master degree,Finance,6-10 times per day,Yonyou,Huawei phone,User owned,7.0,7.0,7.0,7.0,7.0,7.0,10.0,10.0,7.0,7.0,7.0,6.0,7.83,5.0,5.0,5.0,5.0,7.0,6.0,5.50,6.0,7.0,6.0,7.0,7.0,7.0,6.67,4.0,6.0,7.0,7.0,7.0,7.0,6.33,5.0,5.0,6.0,6.0,6.0,5.0,5.50,3.0,5.0,5.0,6.0,6.0,6.0,5.17
242,1-2year,Male,40-49,college,Finance,1-2 times per day,Yonyou,iPhone,User owned,7.0,7.0,7.0,7.0,7.0,7.0,6.0,7.0,5.0,8.0,7.0,6.0,6.50,7.0,7.0,7.0,7.0,6.0,5.0,6.50,6.0,6.0,6.0,7.0,6.0,6.0,6.17,5.0,6.0,6.0,5.0,6.0,5.0,5.50,6.0,6.0,6.0,6.0,6.0,6.0,6.00,8.0,8.0,8.0,8.0,8.0,8.0,8.00
128,less than 1 year,Male,20-29,high school,Human Resource,6-10 times per day,Yonyou,Huawei tablet,User owned,8.0,8.0,6.0,5.0,8.0,7.0,6.0,6.0,9.0,6.0,6.0,8.0,6.83,2.0,3.0,6.0,3.0,1.0,2.0,2.83,7.0,6.0,5.0,5.0,5.0,5.0,5.50,6.0,5.0,3.0,4.0,7.0,7.0,5.33,7.0,4.0,6.0,7.0,6.0,7.0,6.17,7.0,7.0,8.0,7.0,5.0,8.0,7.00
21,6-10year,Male,40-49,undergraduate,inventory,3-5 times per day,Inspur,Samsung phone,Company owned,8.0,7.0,5.0,8.0,7.0,7.0,9.0,7.0,6.0,6.0,6.0,6.0,6.67,0.0,6.0,7.0,7.0,8.0,8.0,6.00,7.0,7.0,6.0,7.0,7.0,7.0,6.83,7.0,7.0,5.0,7.0,8.0,6.0,6.67,7.0,7.0,4.0,7.0,7.0,7.0,6.50,7.0,8.0,7.0,7.0,7.0,8.0,7.33
84,more than 10 year,Male,less than 20,undergraduate,Human Resource,6-10 times per day,Kingdee,Huawei phone,User owned,7.0,7.0,8.0,7.0,6.0,7.0,5.0,6.0,4.0,5.0,6.0,4.0,5.00,6.0,7.0,7.0,7.0,3.0,8.0,6.33,6.0,7.0,7.0,7.0,7.0,7.0,6.83,7.0,8.0,7.0,8.0,8.0,7.0,7.50,5.0,4.0,4.0,4.0,4.0,4.0,4.17,4.0,6.0,5.0,4.0,4.0,4.0,4.50
290,6-10year,Genderfluid,30-39,high school,Procurement,6-10 times per day,Kingdee,Huawei phone,User owned,7.0,7.0,7.0,7.0,7.0,7.0,6.0,2.0,7.0,7.0,5.0,7.0,5.67,6.0,7.0,7.0,7.0,8.0,8.0,7.17,3.0,3.0,4.0,5.0,4.0,4.0,3.83,5.0,7.0,7.0,7.0,7.0,4.0,6.17,7.0,7.0,7.0,6.0,7.0,7.0,6.83,8.0,8.0,7.0,7.0,5.0,8.0,7.17
302,3-5year,Male,20-29,college,Finance,6-10 times per day,Yonyou,Huawei phone,User owned,7.0,7.0,7.0,7.0,7.0,7.0,4.0,4.0,7.0,4.0,5.0,7.0,5.17,7.0,7.0,7.0,7.0,7.0,7.0,7.00,6.0,5.0,5.0,6.0,5.0,5.0,5.33,3.0,4.0,4.0,5.0,5.0,5.0,4.33,6.0,6.0,6.0,6.0,5.0,6.0,5.83,9.0,9.0,9.0,8.0,9.0,10.0,9.00
9,3-5year,Male,20-29,undergraduate,Human Resource,3-5 times per day,Inspur,iPhone,Company owned,10.0,10.0,5.0,5.0,5.0,7.0,5.0,6.0,4.0,9.0,5.0,9.0,6.33,3.0,4.0,3.0,4.0,4.0,4.0,3.67,9.0,9.0,9.0,10.0,10.0,9.0,9.33,0.0,2.0,0.0,3.0,2.0,3.0,1.67,7.0,7.0,7.0,7.0,8.0,8.0,7.33,4.0,4.0,4.0,4.0,3.0,3.0,3.67
53,6-10year,Female,40-49,undergraduate,inventory,6-10 times per day,Yonyou,Huawei tablet,Company owned,7.0,7.0,8.0,5.0,8.0,7.0,5.0,5.0,5.0,7.0,4.0,5.0,5.17,7.0,7.0,7.0,7.0,5.0,6.0,6.50,2.0,3.0,4.0,5.0,4.0,4.0,3.67,7.0,8.0,7.0,8.0,7.0,6.0,7.17,6.0,6.0,6.0,7.0,8.0,7.0,6.67,6.0,7.0,7.0,7.0,7.0,6.0,6.67
16,3-5year,Male,20-29,college,Budget,1-2 times per day,Yonyou,iPhone,User owned,7.0,8.0,6.0,9.0,4.0,6.8,9.0,5.0,9.0,8.0,8.0,6.0,7.50,3.0,4.0,4.0,4.0,4.0,4.0,3.83,7.0,7.0,7.0,8.0,3.0,7.0,6.50,6.0,6.0,6.0,7.0,6.0,7.0,6.33,7.0,7.0,7.0,7.0,8.0,4.0,6.67,6.0,7.0,7.0,7.0,7.0,6.0,6.67
161,3-5year,Female,30-39,master degree,inventory,3-5 times per day,Kingdee,iPhone,User owned,7.0,7.0,7.0,7.0,6.0,6.8,7.0,8.0,5.0,8.0,7.0,6.0,6.83,7.0,7.0,7.0,8.0,7.0,5.0,6.83,6.0,7.0,6.0,6.0,7.0,6.0,6.33,5.0,7.0,7.0,4.0,5.0,7.0,5.83,3.0,5.0,6.0,5.0,6.0,6.0,5.17,8.0,5.0,6.0,5.0,8.0,8.0,6.67
183,6-10year,Male,20-29,undergraduate,Finance,3-5 times per day,NEWGRAND Software,Huawei phone,User owned,7.0,7.0,7.0,7.0,6.0,6.8,6.0,6.0,6.0,6.0,6.0,6.0,6.00,7.0,7.0,7.0,8.0,7.0,3.0,6.50,3.0,3.0,3.0,4.0,3.0,3.0,3.17,7.0,7.0,7.0,6.0,7.0,7.0,6.83,6.0,6.0,6.0,6.0,5.0,6.0,5.83,6.0,5.0,5.0,4.0,4.0,4.0,4.67
279,6-10year,Male,20-29,college,accounting,6-10 times per day,Yonyou,Huawei tablet,User owned,5.0,7.0,7.0,7.0,8.0,6.8,6.0,6.0,4.0,5.0,6.0,4.0,5.17,7.0,7.0,8.0,7.0,5.0,7.0,6.83,5.0,5.0,5.0,6.0,6.0,6.0,5.50,6.0,7.0,4.0,7.0,7.0,8.0,6.50,7.0,7.0,7.0,7.0,8.0,8.0,7.33,9.0,10.0,9.0,8.0,9.0,8.0,8.83
314,less than 1 year,Non-binary gender,less than 20,undergraduate,Human Resource,6-10 times per day,Yonyou,Samsung phone,User owned,8.0,6.0,4.0,8.0,8.0,6.8,5.0,5.0,2.0,6.0,6.0,5.0,4.83,6.0,6.0,6.0,6.0,4.0,5.0,5.50,6.0,7.0,7.0,7.0,7.0,7.0,6.83,5.0,5.0,5.0,6.0,6.0,6.0,5.50,6.0,6.0,6.0,7.0,7.0,4.0,6.00,4.0,4.0,4.0,5.0,5.0,4.0,4.33
171,6-10year,Intersex,40-49,undergraduate,inventory,More than 10 times per day,Yonyou,Huawei tablet,User owned,7.0,6.0,7.0,7.0,7.0,6.8,4.0,4.0,5.0,3.0,5.0,5.0,4.33,7.0,7.0,7.0,8.0,9.0,4.0,7.00,6.0,7.0,6.0,7.0,7.0,7.0,6.67,6.0,7.0,7.0,4.0,5.0,7.0,6.00,8.0,8.0,8.0,8.0,8.0,8.0,8.00,10.0,10.0,10.0,10.0,10.0,9.0,9.83
331,6-10year,Male,20-29,undergraduate,Finance,6-10 times per day,Kingdee,Huawei phone,User owned,7.0,7.0,7.0,6.0,7.0,6.8,4.0,4.0,5.0,5.0,5.0,5.0,4.67,6.0,7.0,7.0,7.0,8.0,8.0,7.17,5.0,4.0,4.0,5.0,4.0,4.0,4.33,5.0,6.0,5.0,5.0,5.0,5.0,5.17,5.0,5.0,6.0,6.0,6.0,6.0,5.67,9.0,9.0,9.0,8.0,8.0,8.0,8.50
324,1-2year,Male,20-29,undergraduate,accounting,3-5 times per day,Kingdee,iPhone,User owned,7.0,7.0,7.0,7.0,6.0,6.8,5.0,7.0,4.0,7.0,5.0,8.0,6.00,6.0,6.0,7.0,6.0,6.0,6.0,6.17,6.0,7.0,6.0,6.0,7.0,6.0,6.33,7.0,7.0,6.0,7.0,6.0,7.0,6.67,8.0,8.0,6.0,7.0,6.0,7.0,7.00,8.0,8.0,8.0,8.0,7.0,7.0,7.67
246,less than 1 year,Intersex,20-29,master degree,inventory,3-5 times per day,NERP,iPhone,User owned,6.0,9.0,5.0,7.0,7.0,6.8,5.0,5.0,5.0,5.0,4.0,7.0,5.17,5.0,6.0,7.0,5.0,6.0,5.0,5.67,5.0,5.0,5.0,6.0,6.0,6.0,5.50,7.0,8.0,4.0,7.0,8.0,8.0,7.00,7.0,7.0,6.0,7.0,6.0,7.0,6.67,5.0,6.0,8.0,7.0,7.0,8.0,6.83
51,6-10year,Male,more than 50,high school,accounting,1-2 times per day,NERP,iPhone,User owned,7.0,6.0,7.0,7.0,7.0,6.8,5.0,5.0,4.0,5.0,4.0,5.0,4.67,4.0,4.0,4.0,4.0,3.0,4.0,3.83,4.0,4.0,4.0,4.0,3.0,3.0,3.67,6.0,6.0,6.0,5.0,6.0,5.0,5.67,4.0,4.0,5.0,5.0,5.0,5.0,4.67,6.0,6.0,6.0,6.0,6.0,3.0,5.50
130,3-5year,Male,30-39,undergraduate,Finance,6-10 times per day,Kingdee,Huawei phone,User owned,6.0,7.0,7.0,7.0,7.0,6.8,1.0,3.0,4.0,5.0,3.0,4.0,3.33,7.0,5.0,7.0,7.0,7.0,7.0,6.67,6.0,5.0,5.0,5.0,5.0,5.0,5.17,6.0,6.0,6.0,5.0,6.0,5.0,5.67,5.0,6.0,6.0,6.0,6.0,6.0,5.83,6.0,6.0,6.0,6.0,6.0,6.0,6.00
72,1-2year,Female,40-49,undergraduate,Human Resource,More than 10 times per day,Kingdee,Sony phone,User owned,7.0,8.0,5.0,5.0,8.0,6.6,6.0,7.0,8.0,6.0,9.0,7.0,7.17,7.0,8.0,8.0,8.0,6.0,9.0,7.67,10.0,10.0,7.0,7.0,7.0,7.0,8.00,5.0,7.0,7.0,8.0,4.0,7.0,6.33,7.0,7.0,7.0,8.0,8.0,8.0,7.50,8.0,9.0,8.0,8.0,8.0,8.0,8.17
6,1-2year,Female,20-29,undergraduate,sales,1-2 times per day,Yonyou,iPhone,Company owned,6.0,6.0,4.0,9.0,8.0,6.6,6.0,7.0,2.0,6.0,9.0,7.0,6.17,8.0,9.0,10.0,10.0,4.0,7.0,8.00,8.0,8.0,8.0,9.0,9.0,8.0,8.33,7.0,8.0,8.0,8.0,9.0,9.0,8.17,7.0,7.0,7.0,7.0,8.0,8.0,7.33,5.0,6.0,5.0,6.0,5.0,8.0,5.83
88,3-5year,Male,20-29,high school,Human Resource,1-2 times per day,NERP,iPhone,User owned,6.0,6.0,8.0,7.0,6.0,6.6,7.0,8.0,8.0,7.0,8.0,8.0,7.67,7.0,6.0,6.0,7.0,8.0,7.0,6.83,6.0,6.0,6.0,6.0,6.0,6.0,6.00,4.0,4.0,5.0,5.0,5.0,5.0,4.67,5.0,5.0,6.0,6.0,6.0,6.0,5.67,6.0,3.0,8.0,5.0,4.0,5.0,5.17
193,more than 10 year,Male,30-39,Phd degree,Procurement,6-10 times per day,Kingdee,Huawei phone,User owned,8.0,7.0,6.0,7.0,5.0,6.6,6.0,6.0,9.0,4.0,7.0,6.0,6.33,8.0,4.0,6.0,7.0,7.0,7.0,6.50,8.0,8.0,9.0,7.0,7.0,7.0,7.67,6.0,6.0,6.0,5.0,6.0,5.0,5.67,5.0,5.0,5.0,5.0,6.0,5.0,5.17,6.0,6.0,6.0,7.0,5.0,6.0,6.00
139,3-5year,Male,20-29,undergraduate,Finance,1-2 times per day,Kingdee,Huawei phone,User owned,6.0,6.0,6.0,8.0,7.0,6.6,4.0,5.0,7.0,6.0,6.0,6.0,5.67,5.0,4.0,3.0,3.0,5.0,3.0,3.83,7.0,7.0,8.0,8.0,8.0,8.0,7.67,5.0,4.0,4.0,4.0,4.0,4.0,4.17,5.0,5.0,6.0,5.0,5.0,5.0,5.17,8.0,5.0,5.0,4.0,6.0,6.0,5.67
333,1-2year,Male,20-29,high school,Human Resource,6-10 times per day,Kingdee,iPhone,User owned,7.0,6.0,6.0,7.0,7.0,6.6,7.0,7.0,6.0,6.0,1.0,5.0,5.33,3.0,3.0,4.0,3.0,4.0,2.0,3.17,6.0,7.0,7.0,7.0,7.0,7.0,6.83,3.0,3.0,4.0,4.0,4.0,4.0,3.67,6.0,5.0,5.0,6.0,5.0,5.0,5.33,2.0,3.0,2.0,5.0,6.0,5.0,3.83
210,3-5year,Male,20-29,college,accounting,1-2 times per day,Kingdee,Huawei phone,User owned,6.0,6.0,6.0,8.0,7.0,6.6,5.0,5.0,5.0,5.0,5.0,5.0,5.00,8.0,4.0,6.0,7.0,7.0,7.0,6.50,7.0,7.0,8.0,8.0,8.0,8.0,7.67,4.0,4.0,3.0,4.0,4.0,7.0,4.33,3.0,4.0,5.0,5.0,5.0,5.0,4.50,8.0,8.0,7.0,5.0,4.0,5.0,6.17
320,3-5year,Female,20-29,Phd degree,Human Resource,3-5 times per day,Kingdee,iPhone,User owned,5.0,8.0,7.0,6.0,7.0,6.6,6.0,6.0,4.0,7.0,5.0,5.0,5.50,7.0,7.0,8.0,4.0,5.0,7.0,6.33,7.0,7.0,7.0,8.0,8.0,8.0,7.50,6.0,6.0,6.0,5.0,6.0,5.0,5.67,7.0,7.0,6.0,5.0,6.0,5.0,6.00,6.0,6.0,8.0,8.0,8.0,7.0,7.17
48,3-5year,Female,30-39,college,inventory,6-10 times per day,Kingdee,Huawei phone,User owned,6.0,8.0,6.0,7.0,6.0,6.6,4.0,4.0,7.0,8.0,4.0,7.0,5.67,7.0,7.0,7.0,3.0,7.0,7.0,6.33,6.0,7.0,6.0,6.0,7.0,6.0,6.33,3.0,4.0,4.0,5.0,5.0,5.0,4.33,7.0,7.0,8.0,8.0,6.0,7.0,7.17,9.0,9.0,10.0,9.0,9.0,9.0,9.17
236,3-5year,Male,20-29,college,accounting,6-10 times per day,Yonyou,Sony phone,User owned,8.0,8.0,6.0,5.0,6.0,6.6,4.0,3.0,4.0,4.0,4.0,4.0,3.83,5.0,6.0,7.0,7.0,6.0,8.0,6.50,7.0,7.0,7.0,5.0,7.0,7.0,6.67,4.0,6.0,6.0,7.0,8.0,6.0,6.17,5.0,3.0,3.0,4.0,4.0,5.0,4.00,6.0,6.0,5.0,6.0,6.0,6.0,5.83
52,1-2year,Female,20-29,high school,accounting,3-5 times per day,Kingdee,iPhone,User owned,7.0,7.0,5.0,7.0,7.0,6.6,4.0,4.0,5.0,5.0,3.0,5.0,4.33,6.0,7.0,4.0,7.0,7.0,7.0,6.33,5.0,5.0,4.0,5.0,4.0,4.0,4.50,6.0,7.0,5.0,5.0,5.0,6.0,5.67,6.0,5.0,5.0,6.0,5.0,6.0,5.50,5.0,5.0,5.0,5.0,5.0,4.0,4.83
11,less than 1 year,Intersex,less than 20,undergraduate,Manufacturing,More than 10 times per day,Inspur,Ipad,Both,6.0,5.0,6.0,7.0,8.0,6.4,5.0,5.0,6.0,6.0,8.0,7.0,6.17,6.0,6.0,6.0,6.0,5.0,5.0,5.67,8.0,8.0,9.0,9.0,10.0,8.0,8.67,3.0,3.0,2.0,4.0,4.0,3.0,3.17,7.0,7.0,7.0,7.0,8.0,6.0,7.00,5.0,6.0,6.0,6.0,6.0,8.0,6.17
57,3-5year,Male,more than 50,college,Human Resource,3-5 times per day,Kingdee,iPhone,User owned,7.0,6.0,7.0,5.0,7.0,6.4,5.0,6.0,4.0,5.0,6.0,4.0,5.00,6.0,6.0,6.0,6.0,6.0,6.0,6.00,6.0,7.0,6.0,5.0,7.0,6.0,6.17,6.0,5.0,5.0,5.0,4.0,4.0,4.83,7.0,7.0,7.0,5.0,6.0,5.0,6.17,6.0,6.0,6.0,6.0,6.0,6.0,6.00
225,1-2year,Male,less than 20,high school,inventory,3-5 times per day,NERP,Huawei phone,User owned,5.0,6.0,8.0,6.0,7.0,6.4,4.0,4.0,7.0,8.0,5.0,7.0,5.83,2.0,6.0,7.0,7.0,8.0,8.0,6.33,7.0,7.0,8.0,8.0,8.0,8.0,7.67,7.0,8.0,8.0,4.0,7.0,7.0,6.83,6.0,6.0,7.0,7.0,8.0,8.0,7.00,6.0,6.0,6.0,6.0,6.0,6.0,6.00
129,more than 10 year,Female,20-29,high school,inventory,3-5 times per day,NERP,Huawei phone,User owned,6.0,7.0,7.0,5.0,7.0,6.4,4.0,4.0,7.0,4.0,5.0,7.0,5.17,6.0,6.0,7.0,6.0,7.0,7.0,6.50,3.0,3.0,3.0,4.0,3.0,3.0,3.17,6.0,5.0,5.0,6.0,6.0,6.0,5.67,6.0,6.0,7.0,7.0,8.0,8.0,7.00,4.0,4.0,4.0,5.0,6.0,6.0,4.83
152,3-5year,Female,30-39,undergraduate,inventory,3-5 times per day,Kingdee,Huawei phone,User owned,7.0,7.0,6.0,6.0,6.0,6.4,5.0,5.0,7.0,4.0,5.0,7.0,5.50,5.0,5.0,5.0,5.0,5.0,5.0,5.00,7.0,6.0,7.0,7.0,6.0,7.0,6.67,5.0,6.0,6.0,6.0,6.0,7.0,6.00,6.0,5.0,5.0,6.0,5.0,6.0,5.50,7.0,8.0,7.0,7.0,7.0,5.0,6.83
170,6-10year,Male,40-49,college,Manufacturing,1-2 times per day,Yonyou,iPhone,User owned,5.0,5.0,6.0,9.0,7.0,6.4,5.0,5.0,5.0,5.0,5.0,5.0,5.00,10.0,2.0,6.0,7.0,7.0,7.0,6.50,8.0,8.0,8.0,9.0,9.0,8.0,8.33,3.0,3.0,4.0,4.0,4.0,4.0,3.67,6.0,6.0,6.0,6.0,6.0,6.0,6.00,6.0,6.0,8.0,7.0,8.0,8.0,7.17
120,3-5year,Male,30-39,undergraduate,inventory,6-10 times per day,Kingdee,Huawei phone,User owned,7.0,7.0,6.0,6.0,6.0,6.4,5.0,5.0,5.0,5.0,5.0,5.0,5.00,6.0,7.0,7.0,7.0,7.0,8.0,7.00,6.0,7.0,6.0,7.0,7.0,7.0,6.67,5.0,6.0,6.0,5.0,6.0,5.0,5.50,6.0,5.0,6.0,5.0,6.0,6.0,5.67,6.0,7.0,7.0,7.0,6.0,6.0,6.50
126,1-2year,Male,30-39,undergraduate,accounting,3-5 times per day,Kingdee,iPhone,User owned,6.0,6.0,6.0,7.0,6.0,6.2,7.0,9.0,8.0,4.0,10.0,7.0,7.50,4.0,5.0,5.0,5.0,4.0,5.0,4.67,5.0,5.0,5.0,6.0,5.0,5.0,5.17,3.0,3.0,4.0,4.0,5.0,6.0,4.17,4.0,5.0,6.0,6.0,4.0,5.0,5.00,8.0,8.0,7.0,7.0,7.0,7.0,7.33
96,more than 10 year,Male,20-29,college,Human Resource,6-10 times per day,Kingdee,Huawei phone,User owned,6.0,5.0,7.0,7.0,6.0,6.2,6.0,6.0,6.0,4.0,7.0,6.0,5.83,7.0,7.0,7.0,8.0,8.0,8.0,7.50,7.0,7.0,6.0,6.0,7.0,6.0,6.50,6.0,6.0,5.0,6.0,5.0,5.0,5.50,6.0,5.0,5.0,5.0,6.0,5.0,5.33,3.0,5.0,6.0,5.0,4.0,7.0,5.00
142,1-2year,Male,20-29,master degree,Human Resource,More than 10 times per day,Yonyou,iPhone,User owned,6.0,7.0,5.0,7.0,6.0,6.2,5.0,5.0,6.0,4.0,1.0,6.0,4.50,6.0,7.0,6.0,6.0,6.0,6.0,6.17,4.0,4.0,4.0,6.0,5.0,5.0,4.67,3.0,3.0,4.0,3.0,4.0,4.0,3.50,3.0,4.0,5.0,6.0,5.0,5.0,4.67,7.0,7.0,7.0,7.0,7.0,6.0,6.83
132,3-5year,Male,30-39,Phd degree,Human Resource,3-5 times per day,Kingdee,iPhone,User owned,7.0,6.0,7.0,4.0,7.0,6.2,6.0,7.0,1.0,8.0,7.0,6.0,5.83,7.0,7.0,6.0,7.0,6.0,7.0,6.67,4.0,5.0,5.0,5.0,5.0,5.0,4.83,5.0,4.0,5.0,5.0,4.0,4.0,4.50,8.0,8.0,6.0,6.0,6.0,5.0,6.50,6.0,8.0,7.0,7.0,8.0,7.0,7.17
146,6-10year,Male,40-49,undergraduate,accounting,3-5 times per day,Kingdee,iPhone,User owned,6.0,6.0,7.0,5.0,7.0,6.2,7.0,7.0,8.0,6.0,6.0,8.0,7.00,5.0,5.0,6.0,5.0,5.0,6.0,5.33,5.0,5.0,5.0,6.0,6.0,6.0,5.50,4.0,4.0,5.0,6.0,6.0,6.0,5.17,6.0,6.0,7.0,7.0,6.0,7.0,6.50,6.0,6.0,6.0,5.0,4.0,5.0,5.33
220,1-2year,Male,20-29,college,accounting,3-5 times per day,Kingdee,iPhone,User owned,6.0,7.0,6.0,7.0,5.0,6.2,7.0,7.0,6.0,6.0,6.0,6.0,6.33,5.0,5.0,5.0,5.0,6.0,5.0,5.17,5.0,5.0,5.0,6.0,6.0,6.0,5.50,3.0,3.0,4.0,4.0,5.0,5.0,4.00,4.0,5.0,5.0,5.0,4.0,5.0,4.67,7.0,7.0,7.0,7.0,7.0,7.0,7.00
201,3-5year,Male,less than 20,high school,Human Resource,3-5 times per day,NERP,iPhone,User owned,5.0,6.0,7.0,7.0,6.0,6.2,5.0,6.0,4.0,5.0,6.0,4.0,5.00,5.0,5.0,5.0,5.0,6.0,5.0,5.17,5.0,5.0,5.0,6.0,5.0,5.0,5.17,4.0,6.0,4.0,4.0,4.0,4.0,4.33,6.0,6.0,5.0,6.0,6.0,6.0,5.83,0.0,3.0,3.0,7.0,7.0,7.0,4.50
12,less than 1 year,Female,20-29,undergraduate,accounting,1-2 times per day,Yonyou,iPhone,Company owned,10.0,10.0,2.0,2.0,7.0,6.2,8.0,7.0,8.0,7.0,5.0,9.0,7.33,3.0,6.0,7.0,7.0,7.0,8.0,6.33,9.0,9.0,9.0,10.0,10.0,9.0,9.33,2.0,1.0,0.0,0.0,1.0,0.0,0.67,10.0,10.0,9.0,9.0,10.0,10.0,9.67,10.0,10.0,10.0,10.0,10.0,10.0,10.00
30,3-5year,Male,less than 20,high school,Finance,1-2 times per day,NERP,iPhone,User owned,6.0,6.0,7.0,6.0,6.0,6.2,5.0,5.0,5.0,5.0,5.0,5.0,5.00,5.0,5.0,5.0,6.0,6.0,6.0,5.50,5.0,5.0,5.0,6.0,6.0,6.0,5.50,5.0,6.0,6.0,5.0,5.0,6.0,5.50,4.0,5.0,5.0,6.0,5.0,5.0,5.00,4.0,4.0,4.0,4.0,6.0,6.0,4.67
278,less than 1 year,Male,20-29,high school,accounting,3-5 times per day,Kingdee,Huawei phone,User owned,5.0,6.0,6.0,8.0,6.0,6.2,6.0,8.0,4.0,7.0,5.0,8.0,6.33,5.0,6.0,7.0,7.0,6.0,7.0,6.33,6.0,7.0,6.0,7.0,7.0,7.0,6.67,7.0,7.0,6.0,6.0,7.0,7.0,6.67,7.0,7.0,4.0,7.0,6.0,7.0,6.33,8.0,8.0,7.0,7.0,7.0,7.0,7.33
270,6-10year,Female,40-49,college,Procurement,6-10 times per day,Yonyou,Huawei phone,User owned,4.0,7.0,6.0,7.0,7.0,6.2,6.0,6.0,0.0,7.0,5.0,7.0,5.17,6.0,6.0,6.0,6.0,6.0,6.0,6.00,6.0,7.0,7.0,8.0,8.0,8.0,7.33,9.0,9.0,9.0,6.0,6.0,7.0,7.67,7.0,7.0,7.0,7.0,8.0,8.0,7.33,4.0,6.0,8.0,5.0,6.0,6.0,5.83
190,less than 1 year,Female,less than 20,undergraduate,accounting,1-2 times per day,Yonyou,iPhone,User owned,7.0,7.0,4.0,6.0,7.0,6.2,4.0,3.0,4.0,6.0,3.0,4.0,4.00,5.0,5.0,5.0,5.0,6.0,5.0,5.17,6.0,6.0,6.0,6.0,6.0,6.0,6.00,6.0,5.0,5.0,5.0,5.0,5.0,5.17,4.0,4.0,4.0,4.0,6.0,4.0,4.33,6.0,5.0,6.0,5.0,6.0,5.0,5.50
118,more than 10 year,Male,more than 50,master degree,Budget,3-5 times per day,Kingdee,iPhone,User owned,6.0,6.0,7.0,6.0,6.0,6.2,2.0,2.0,2.0,2.0,2.0,3.0,2.17,4.0,4.0,4.0,5.0,5.0,6.0,4.67,4.0,2.0,2.0,2.0,2.0,2.0,2.33,5.0,5.0,5.0,4.0,3.0,4.0,4.33,6.0,5.0,5.0,6.0,5.0,6.0,5.50,5.0,6.0,5.0,4.0,4.0,4.0,4.67
80,3-5year,Male,20-29,undergraduate,Finance,6-10 times per day,Kingdee,Huawei phone,User owned,6.0,7.0,6.0,6.0,6.0,6.2,1.0,1.0,2.0,2.0,2.0,2.0,1.67,6.0,5.0,5.0,5.0,3.0,5.0,4.83,6.0,6.0,6.0,6.0,6.0,6.0,6.00,3.0,3.0,4.0,3.0,4.0,4.0,3.50,7.0,5.0,6.0,5.0,5.0,5.0,5.50,6.0,6.0,7.0,7.0,5.0,6.0,6.17
19,3-5year,Male,20-29,college,accounting,3-5 times per day,Yonyou,iPhone,User owned,6.0,7.0,6.0,6.0,5.0,6.0,6.0,7.0,5.0,7.0,8.0,6.0,6.50,6.0,5.0,6.0,7.0,6.0,7.0,6.17,7.0,7.0,8.0,7.0,7.0,7.0,7.17,4.0,4.0,5.0,5.0,5.0,5.0,4.67,6.0,6.0,6.0,6.0,5.0,6.0,5.83,7.0,7.0,7.0,7.0,7.0,7.0,7.00
186,6-10year,Female,40-49,college,accounting,3-5 times per day,Kingdee,iPhone,User owned,5.0,6.0,5.0,7.0,7.0,6.0,5.0,6.0,6.0,3.0,7.0,6.0,5.50,7.0,6.0,7.0,7.0,7.0,8.0,7.00,6.0,6.0,7.0,7.0,7.0,6.0,6.50,5.0,6.0,6.0,6.0,4.0,4.0,5.17,7.0,7.0,7.0,6.0,7.0,7.0,6.83,9.0,9.0,9.0,8.0,8.0,8.0,8.50
115,6-10year,Male,20-29,master degree,Human Resource,1-2 times per day,Yonyou,iPhone,User owned,6.0,5.0,6.0,6.0,7.0,6.0,6.0,6.0,6.0,4.0,7.0,3.0,5.33,6.0,6.0,6.0,6.0,6.0,6.0,6.00,6.0,6.0,6.0,6.0,6.0,6.0,6.00,5.0,5.0,5.0,5.0,5.0,5.0,5.00,4.0,5.0,4.0,5.0,6.0,4.0,4.67,5.0,4.0,6.0,5.0,4.0,5.0,4.83
20,3-5year,Male,more than 50,college,Human Resource,3-5 times per day,Kingdee,iPhone,User owned,6.0,6.0,6.0,6.0,6.0,6.0,5.0,6.0,6.0,4.0,7.0,6.0,5.67,5.0,5.0,6.0,5.0,5.0,5.0,5.17,6.0,6.0,6.0,6.0,6.0,6.0,6.00,3.0,4.0,4.0,5.0,5.0,5.0,4.33,5.0,5.0,5.0,4.0,4.0,4.0,4.50,6.0,6.0,6.0,6.0,6.0,8.0,6.33
291,3-5year,Female,less than 20,college,Human Resource,6-10 times per day,Yonyou,Samsung phone,User owned,6.0,6.0,5.0,6.0,7.0,6.0,9.0,9.0,4.0,9.0,7.0,8.0,7.67,5.0,5.0,5.0,5.0,5.0,5.0,5.00,5.0,5.0,4.0,4.0,3.0,4.0,4.17,6.0,5.0,6.0,6.0,6.0,6.0,5.83,7.0,8.0,8.0,8.0,8.0,8.0,7.83,2.0,3.0,3.0,2.0,1.0,5.0,2.67
321,less than 1 year,Female,less than 20,college,Human Resource,1-2 times per day,NERP,iPhone,User owned,4.0,7.0,8.0,5.0,6.0,6.0,6.0,6.0,6.0,5.0,6.0,6.0,5.83,5.0,5.0,7.0,7.0,7.0,8.0,6.50,5.0,5.0,5.0,4.0,4.0,4.0,4.50,7.0,8.0,8.0,6.0,7.0,7.0,7.17,5.0,5.0,4.0,5.0,4.0,5.0,4.67,6.0,8.0,8.0,5.0,6.0,5.0,6.33
127,6-10year,Male,30-39,high school,Finance,1-2 times per day,Yonyou,Huawei phone,User owned,6.0,5.0,6.0,7.0,6.0,6.0,6.0,6.0,6.0,5.0,6.0,6.0,5.83,4.0,3.0,4.0,4.0,6.0,4.0,4.17,7.0,6.0,6.0,7.0,7.0,6.0,6.50,3.0,4.0,4.0,5.0,5.0,5.0,4.33,4.0,5.0,5.0,5.0,4.0,5.0,4.67,4.0,4.0,4.0,7.0,7.0,7.0,5.50
327,6-10year,Male,20-29,high school,accounting,3-5 times per day,Kingdee,iPhone,User owned,6.0,6.0,6.0,6.0,6.0,6.0,3.0,4.0,5.0,5.0,5.0,5.0,4.50,6.0,6.0,6.0,4.0,6.0,4.0,5.33,4.0,3.0,3.0,3.0,4.0,4.0,3.50,5.0,5.0,5.0,5.0,5.0,5.0,5.00,6.0,5.0,5.0,5.0,6.0,5.0,5.33,5.0,4.0,4.0,4.0,4.0,4.0,4.17
285,3-5year,Female,30-39,undergraduate,Human Resource,3-5 times per day,Kingdee,Huawei phone,User owned,6.0,6.0,6.0,6.0,6.0,6.0,5.0,5.0,5.0,3.0,5.0,5.0,4.67,5.0,5.0,5.0,5.0,5.0,5.0,5.00,5.0,5.0,4.0,7.0,6.0,5.0,5.33,5.0,4.0,5.0,5.0,5.0,5.0,4.83,5.0,4.0,4.0,6.0,6.0,4.0,4.83,1.0,1.0,0.0,7.0,7.0,7.0,3.83
207,less than 1 year,Male,20-29,college,Finance,3-5 times per day,Kingdee,iPhone,User owned,6.0,6.0,6.0,6.0,6.0,6.0,5.0,5.0,5.0,5.0,5.0,5.0,5.00,6.0,6.0,6.0,4.0,4.0,4.0,5.00,5.0,5.0,5.0,6.0,5.0,5.0,5.17,7.0,6.0,5.0,6.0,6.0,6.0,6.00,5.0,5.0,5.0,6.0,5.0,6.0,5.33,6.0,6.0,6.0,6.0,6.0,6.0,6.00
241,6-10year,Male,more than 50,college,accounting,1-2 times per day,Yonyou,iPhone,User owned,4.0,7.0,6.0,6.0,7.0,6.0,4.0,5.0,5.0,5.0,5.0,5.0,4.83,5.0,5.0,6.0,4.0,4.0,4.0,4.67,5.0,5.0,5.0,6.0,6.0,6.0,5.50,3.0,4.0,3.0,6.0,4.0,3.0,3.83,6.0,4.0,4.0,4.0,4.0,4.0,4.33,7.0,8.0,8.0,8.0,8.0,8.0,7.83
34,3-5year,Male,20-29,high school,Finance,1-2 times per day,NERP,Huawei phone,User owned,6.0,6.0,6.0,6.0,6.0,6.0,5.0,5.0,5.0,5.0,5.0,5.0,5.00,5.0,5.0,5.0,5.0,5.0,5.0,5.00,5.0,5.0,5.0,6.0,6.0,6.0,5.50,4.0,5.0,6.0,6.0,6.0,6.0,5.50,4.0,6.0,4.0,4.0,3.0,3.0,4.00,5.0,6.0,6.0,7.0,7.0,5.0,6.00
283,1-2year,Male,20-29,college,accounting,3-5 times per day,Kingdee,iPhone,User owned,4.0,6.0,6.0,6.0,8.0,6.0,3.0,3.0,5.0,3.0,4.0,5.0,3.83,7.0,7.0,7.0,8.0,4.0,7.0,6.67,6.0,6.0,6.0,6.0,6.0,6.0,6.00,8.0,8.0,7.0,8.0,8.0,8.0,7.83,6.0,6.0,7.0,7.0,8.0,8.0,7.00,5.0,3.0,3.0,5.0,5.0,5.0,4.33
87,3-5year,Genderfluid,40-49,Phd degree,accounting,More than 10 times per day,Yonyou,Huawei tablet,User owned,7.0,5.0,6.0,5.0,7.0,6.0,5.0,5.0,5.0,5.0,4.0,5.0,4.83,6.0,6.0,6.0,6.0,6.0,6.0,6.00,5.0,4.0,4.0,4.0,4.0,3.0,4.00,6.0,5.0,5.0,6.0,6.0,6.0,5.67,8.0,6.0,6.0,7.0,7.0,7.0,6.83,9.0,9.0,9.0,8.0,8.0,8.0,8.50
91,3-5year,Male,40-49,undergraduate,accounting,3-5 times per day,Kingdee,iPhone,User owned,6.0,6.0,6.0,6.0,6.0,6.0,5.0,5.0,5.0,5.0,4.0,5.0,4.83,4.0,4.0,4.0,5.0,5.0,4.0,4.33,5.0,5.0,5.0,6.0,5.0,5.0,5.17,5.0,4.0,5.0,4.0,3.0,4.0,4.17,6.0,5.0,5.0,5.0,5.0,5.0,5.17,9.0,5.0,5.0,5.0,5.0,2.0,5.17
307,6-10year,Intersex,40-49,college,inventory,More than 10 times per day,Yonyou,Samsung phone,Both,7.0,5.0,6.0,7.0,5.0,6.0,5.0,4.0,5.0,3.0,4.0,5.0,4.33,5.0,5.0,5.0,5.0,7.0,5.0,5.33,5.0,5.0,5.0,6.0,5.0,5.0,5.17,5.0,5.0,5.0,5.0,5.0,5.0,5.00,2.0,3.0,3.0,3.0,3.0,3.0,2.83,5.0,6.0,5.0,6.0,6.0,5.0,5.50
335,more than 10 year,Male,20-29,Phd degree,Human Resource,3-5 times per day,Kingdee,iPhone,User owned,6.0,7.0,6.0,5.0,6.0,6.0,1.0,3.0,4.0,3.0,4.0,3.0,3.00,6.0,6.0,6.0,6.0,1.0,6.0,5.17,5.0,5.0,5.0,6.0,6.0,6.0,5.50,2.0,3.0,4.0,3.0,4.0,4.0,3.33,1.0,3.0,3.0,3.0,3.0,3.0,2.67,9.0,10.0,8.0,8.0,8.0,8.0,8.50
262,3-5year,Male,20-29,high school,Finance,1-2 times per day,NERP,iPhone,User owned,5.0,5.0,7.0,7.0,6.0,6.0,5.0,2.0,5.0,5.0,3.0,5.0,4.17,6.0,6.0,6.0,6.0,7.0,5.0,6.00,5.0,5.0,5.0,5.0,5.0,5.0,5.00,3.0,4.0,4.0,5.0,4.0,4.0,4.00,6.0,6.0,6.0,5.0,6.0,5.0,5.67,5.0,6.0,6.0,6.0,6.0,9.0,6.33
140,3-5year,Male,20-29,high school,Finance,1-2 times per day,NERP,Huawei phone,User owned,6.0,6.0,5.0,6.0,7.0,6.0,4.0,4.0,3.0,6.0,2.0,4.0,3.83,5.0,5.0,5.0,4.0,6.0,6.0,5.17,4.0,3.0,3.0,4.0,4.0,3.0,3.50,1.0,2.0,2.0,2.0,2.0,2.0,1.83,6.0,4.0,4.0,4.0,4.0,4.0,4.33,5.0,6.0,6.0,6.0,6.0,6.0,5.83
253,1-2year,Female,20-29,master degree,accounting,3-5 times per day,NERP,Huawei phone,User owned,6.0,5.0,6.0,7.0,5.0,5.8,7.0,7.0,6.0,6.0,8.0,5.0,6.50,5.0,7.0,6.0,6.0,6.0,6.0,6.00,6.0,6.0,7.0,7.0,6.0,7.0,6.50,5.0,6.0,7.0,6.0,6.0,7.0,6.17,7.0,6.0,6.0,7.0,7.0,6.0,6.50,3.0,3.0,3.0,3.0,3.0,5.0,3.33
336,less than 1 year,Female,less than 20,undergraduate,accounting,1-2 times per day,NERP,iPhone,User owned,5.0,4.0,6.0,7.0,7.0,5.8,4.0,5.0,7.0,4.0,7.0,6.0,5.50,5.0,6.0,7.0,7.0,8.0,8.0,6.83,7.0,7.0,7.0,8.0,8.0,8.0,7.50,5.0,6.0,5.0,5.0,4.0,4.0,4.83,5.0,5.0,5.0,5.0,6.0,5.0,5.17,8.0,8.0,10.0,9.0,9.0,10.0,9.00
273,3-5year,Female,20-29,college,Human Resource,3-5 times per day,Kingdee,Huawei phone,User owned,6.0,6.0,6.0,6.0,5.0,5.8,5.0,5.0,6.0,4.0,7.0,6.0,5.50,6.0,6.0,6.0,6.0,6.0,6.0,6.00,7.0,6.0,7.0,7.0,7.0,7.0,6.83,5.0,4.0,4.0,7.0,4.0,4.0,4.67,8.0,8.0,8.0,4.0,6.0,7.0,6.83,4.0,4.0,8.0,7.0,5.0,9.0,6.17
205,3-5year,Female,30-39,undergraduate,Human Resource,3-5 times per day,NERP,Huawei phone,User owned,6.0,6.0,5.0,7.0,5.0,5.8,8.0,7.0,6.0,6.0,6.0,6.0,6.50,7.0,7.0,7.0,8.0,9.0,8.0,7.67,5.0,6.0,6.0,5.0,7.0,6.0,5.83,6.0,7.0,7.0,6.0,7.0,7.0,6.67,6.0,6.0,6.0,5.0,6.0,6.0,5.83,4.0,4.0,4.0,5.0,5.0,4.0,4.33
317,1-2year,Female,40-49,college,inventory,3-5 times per day,Kingdee,iPhone,User owned,5.0,6.0,7.0,6.0,5.0,5.8,8.0,7.0,6.0,6.0,6.0,6.0,6.50,6.0,6.0,6.0,4.0,5.0,4.0,5.17,5.0,5.0,5.0,6.0,5.0,5.0,5.17,4.0,4.0,5.0,5.0,5.0,5.0,4.67,0.0,0.0,0.0,0.0,2.0,4.0,1.00,6.0,6.0,5.0,6.0,6.0,8.0,6.17
151,1-2year,Female,40-49,college,Human Resource,3-5 times per day,Kingdee,iPhone,User owned,5.0,6.0,7.0,6.0,5.0,5.8,8.0,7.0,6.0,6.0,6.0,6.0,6.50,6.0,7.0,6.0,6.0,4.0,7.0,6.00,6.0,6.0,6.0,6.0,6.0,6.0,6.00,4.0,4.0,5.0,5.0,5.0,5.0,4.67,4.0,4.0,2.0,3.0,2.0,4.0,3.17,4.0,3.0,3.0,5.0,6.0,8.0,4.83
83,less than 1 year,Female,less than 20,college,inventory,3-5 times per day,NERP,Huawei phone,User owned,5.0,6.0,6.0,6.0,6.0,5.8,6.0,2.0,5.0,5.0,6.0,4.0,4.67,8.0,6.0,7.0,7.0,4.0,5.0,6.17,7.0,7.0,7.0,8.0,8.0,8.0,7.50,6.0,7.0,6.0,5.0,6.0,6.0,6.00,6.0,6.0,4.0,5.0,6.0,4.0,5.17,4.0,4.0,4.0,4.0,3.0,3.0,3.67
181,3-5year,Male,20-29,undergraduate,Human Resource,6-10 times per day,Yonyou,Huawei tablet,User owned,7.0,5.0,7.0,5.0,5.0,5.8,4.0,5.0,4.0,5.0,1.0,4.0,3.83,4.0,6.0,6.0,6.0,5.0,6.0,5.50,6.0,6.0,6.0,6.0,6.0,6.0,6.00,6.0,5.0,5.0,6.0,5.0,5.0,5.33,6.0,6.0,5.0,5.0,6.0,6.0,5.67,7.0,7.0,5.0,6.0,8.0,8.0,6.83
24,less than 1 year,Male,20-29,Phd degree,inventory,1-2 times per day,NERP,iPhone,User owned,7.0,5.0,5.0,7.0,5.0,5.8,6.0,6.0,4.0,5.0,6.0,4.0,5.17,9.0,1.0,6.0,7.0,6.0,7.0,6.00,6.0,6.0,7.0,7.0,6.0,7.0,6.50,3.0,3.0,4.0,4.0,3.0,4.0,3.50,5.0,6.0,5.0,6.0,5.0,6.0,5.50,5.0,5.0,4.0,5.0,5.0,7.0,5.17
81,1-2year,Female,30-39,undergraduate,Human Resource,3-5 times per day,Kingdee,Huawei phone,User owned,7.0,5.0,6.0,6.0,5.0,5.8,5.0,6.0,4.0,5.0,6.0,4.0,5.00,5.0,5.0,5.0,5.0,6.0,5.0,5.17,6.0,5.0,6.0,6.0,6.0,6.0,5.83,5.0,5.0,5.0,4.0,3.0,4.0,4.33,3.0,4.0,5.0,6.0,5.0,6.0,4.83,6.0,6.0,6.0,6.0,6.0,6.0,6.00
180,less than 1 year,Non-binary gender,less than 20,undergraduate,accounting,1-2 times per day,NERP,Huawei phone,User owned,5.0,7.0,5.0,6.0,6.0,5.8,5.0,6.0,4.0,5.0,6.0,4.0,5.00,1.0,3.0,3.0,2.0,3.0,2.0,2.33,4.0,4.0,4.0,4.0,4.0,2.0,3.67,8.0,6.0,6.0,5.0,6.0,5.0,6.00,5.0,5.0,5.0,5.0,5.0,5.0,5.00,3.0,2.0,2.0,1.0,1.0,1.0,1.67
338,3-5year,Female,20-29,undergraduate,Budget,6-10 times per day,NERP,Huawei phone,User owned,6.0,7.0,2.0,7.0,7.0,5.8,4.0,5.0,4.0,5.0,6.0,4.0,4.67,4.0,4.0,3.0,4.0,5.0,5.0,4.17,5.0,5.0,5.0,5.0,5.0,5.0,5.00,4.0,4.0,4.0,4.0,4.0,4.0,4.00,6.0,6.0,5.0,6.0,4.0,5.0,5.33,3.0,3.0,2.0,2.0,1.0,3.0,2.33
43,1-2year,Intersex,20-29,undergraduate,Human Resource,3-5 times per day,Kingdee,Huawei phone,User owned,5.0,6.0,6.0,5.0,7.0,5.8,5.0,5.0,4.0,5.0,6.0,4.0,4.83,8.0,4.0,6.0,6.0,6.0,7.0,6.17,5.0,4.0,4.0,5.0,4.0,4.0,4.33,5.0,4.0,4.0,4.0,3.0,4.0,4.00,3.0,2.0,3.0,4.0,3.0,5.0,3.33,5.0,5.0,4.0,7.0,7.0,7.0,5.83
340,1-2year,Male,20-29,high school,Manufacturing,1-2 times per day,Kingdee,iPhone,User owned,6.0,7.0,6.0,7.0,3.0,5.8,4.0,4.0,7.0,4.0,5.0,7.0,5.17,6.0,6.0,6.0,6.0,5.0,5.0,5.67,2.0,6.0,7.0,7.0,7.0,8.0,6.17,5.0,6.0,6.0,5.0,6.0,5.0,5.50,7.0,7.0,4.0,4.0,6.0,7.0,5.83,9.0,8.0,7.0,8.0,8.0,10.0,8.33
33,less than 1 year,Female,40-49,master degree,Procurement,3-5 times per day,Kingdee,iPhone,User owned,6.0,3.0,7.0,6.0,7.0,5.8,5.0,5.0,7.0,4.0,5.0,7.0,5.50,7.0,1.0,6.0,7.0,8.0,7.0,6.00,6.0,6.0,6.0,6.0,6.0,6.0,6.00,5.0,6.0,7.0,8.0,8.0,8.0,7.00,8.0,8.0,6.0,6.0,6.0,5.0,6.50,3.0,2.0,6.0,6.0,6.0,6.0,4.83
289,1-2year,Male,20-29,master degree,Human Resource,6-10 times per day,Yonyou,Huawei tablet,User owned,5.0,6.0,7.0,5.0,6.0,5.8,5.0,6.0,6.0,8.0,5.0,7.0,6.17,6.0,6.0,7.0,7.0,7.0,8.0,6.83,9.0,8.0,7.0,7.0,7.0,7.0,7.50,6.0,5.0,6.0,6.0,7.0,6.0,6.00,7.0,7.0,6.0,7.0,7.0,7.0,6.83,7.0,7.0,7.0,7.0,7.0,6.0,6.83
179,3-5year,Genderfluid,40-49,undergraduate,accounting,3-5 times per day,Kingdee,iPhone,User owned,6.0,6.0,5.0,6.0,6.0,5.8,5.0,5.0,5.0,5.0,5.0,5.0,5.00,6.0,6.0,6.0,6.0,6.0,6.0,6.00,7.0,6.0,7.0,7.0,7.0,7.0,6.83,5.0,4.0,5.0,6.0,5.0,5.0,5.00,6.0,6.0,6.0,6.0,6.0,6.0,6.00,10.0,8.0,3.0,9.0,9.0,7.0,7.67
163,less than 1 year,Female,less than 20,high school,Finance,1-2 times per day,Kingdee,iPhone,User owned,6.0,5.0,6.0,6.0,6.0,5.8,6.0,6.0,4.0,9.0,5.0,7.0,6.17,5.0,5.0,5.0,5.0,6.0,5.0,5.17,7.0,6.0,6.0,6.0,6.0,6.0,6.17,8.0,8.0,9.0,9.0,9.0,9.0,8.67,6.0,6.0,6.0,6.0,6.0,6.0,6.00,6.0,5.0,6.0,6.0,9.0,3.0,5.83
182,1-2year,Female,30-39,undergraduate,Budget,3-5 times per day,Kingdee,iPhone,User owned,6.0,5.0,7.0,6.0,5.0,5.8,5.0,5.0,3.0,4.0,5.0,3.0,4.17,5.0,5.0,5.0,5.0,6.0,5.0,5.17,6.0,5.0,5.0,6.0,5.0,5.0,5.33,7.0,6.0,6.0,5.0,4.0,4.0,5.33,5.0,4.0,5.0,6.0,5.0,4.0,4.83,4.0,4.0,6.0,7.0,5.0,4.0,5.00
61,3-5year,Male,40-49,college,Human Resource,1-2 times per day,Yonyou,Huawei phone,User owned,5.0,6.0,6.0,6.0,6.0,5.8,3.0,3.0,5.0,3.0,4.0,5.0,3.83,6.0,6.0,5.0,5.0,6.0,6.0,5.67,3.0,4.0,4.0,5.0,4.0,4.0,4.00,2.0,2.0,3.0,3.0,3.0,3.0,2.67,5.0,5.0,4.0,4.0,4.0,5.0,4.50,2.0,2.0,9.0,3.0,2.0,9.0,4.50
73,6-10year,Female,30-39,undergraduate,Procurement,6-10 times per day,Yonyou,Huawei phone,User owned,6.0,7.0,5.0,5.0,6.0,5.8,3.0,3.0,4.0,4.0,4.0,4.0,3.67,6.0,7.0,6.0,7.0,6.0,7.0,6.50,7.0,7.0,2.0,7.0,7.0,7.0,6.17,6.0,7.0,7.0,7.0,7.0,7.0,6.83,6.0,5.0,6.0,6.0,6.0,6.0,5.83,7.0,7.0,5.0,6.0,6.0,6.0,6.17
250,1-2year,Female,20-29,undergraduate,inventory,3-5 times per day,Kingdee,iPhone,User owned,6.0,6.0,5.0,6.0,6.0,5.8,3.0,3.0,4.0,6.0,3.0,4.0,3.83,6.0,6.0,5.0,5.0,5.0,6.0,5.50,3.0,3.0,3.0,3.0,3.0,4.0,3.17,4.0,4.0,4.0,4.0,4.0,4.0,4.00,5.0,5.0,5.0,5.0,5.0,5.0,5.00,3.0,2.0,2.0,1.0,3.0,2.0,2.17
276,1-2year,Male,40-49,undergraduate,Finance,1-2 times per day,NERP,Huawei phone,User owned,6.0,6.0,6.0,6.0,5.0,5.8,3.0,3.0,1.0,4.0,3.0,2.0,2.67,5.0,5.0,5.0,6.0,3.0,5.0,4.83,6.0,4.0,4.0,5.0,4.0,4.0,4.50,5.0,5.0,5.0,5.0,4.0,3.0,4.50,4.0,4.0,4.0,3.0,3.0,3.0,3.50,3.0,5.0,5.0,4.0,4.0,4.0,4.17
306,1-2year,Male,20-29,undergraduate,Finance,6-10 times per day,Kingdee,iPhone,User owned,6.0,3.0,6.0,7.0,7.0,5.8,6.0,2.0,2.0,6.0,1.0,3.0,3.33,6.0,6.0,6.0,6.0,9.0,6.0,6.50,6.0,7.0,6.0,7.0,7.0,7.0,6.67,4.0,4.0,4.0,5.0,5.0,5.0,4.50,7.0,7.0,7.0,6.0,7.0,7.0,6.83,9.0,9.0,5.0,2.0,8.0,9.0,7.00
60,3-5year,Female,20-29,college,Procurement,3-5 times per day,Kingdee,iPhone,User owned,6.0,5.0,5.0,7.0,5.0,5.6,6.0,7.0,8.0,6.0,9.0,4.0,6.67,6.0,7.0,7.0,7.0,8.0,8.0,7.17,5.0,5.0,5.0,6.0,5.0,5.0,5.17,10.0,6.0,7.0,7.0,7.0,4.0,6.83,6.0,6.0,5.0,4.0,6.0,4.0,5.17,4.0,4.0,4.0,4.0,3.0,3.0,3.67
188,less than 1 year,Intersex,less than 20,undergraduate,Procurement,1-2 times per day,Yonyou,iPhone,User owned,5.0,5.0,5.0,5.0,8.0,5.6,4.0,5.0,4.0,3.0,7.0,4.0,4.50,4.0,4.0,5.0,6.0,5.0,5.0,4.83,2.0,6.0,7.0,7.0,7.0,7.0,6.00,3.0,2.0,5.0,3.0,3.0,3.0,3.17,7.0,7.0,7.0,8.0,8.0,6.0,7.17,7.0,7.0,7.0,7.0,7.0,6.0,6.83
281,3-5year,Female,less than 20,undergraduate,Procurement,3-5 times per day,Yonyou,iPhone,User owned,6.0,5.0,4.0,6.0,7.0,5.6,5.0,2.0,7.0,6.0,6.0,6.0,5.33,7.0,7.0,7.0,8.0,9.0,8.0,7.67,6.0,6.0,6.0,5.0,5.0,5.0,5.50,5.0,7.0,4.0,7.0,6.0,6.0,5.83,6.0,6.0,6.0,6.0,6.0,7.0,6.17,6.0,6.0,8.0,8.0,8.0,7.0,7.17
145,less than 1 year,Male,20-29,undergraduate,inventory,1-2 times per day,NERP,iPhone,User owned,6.0,5.0,6.0,6.0,5.0,5.6,6.0,6.0,6.0,6.0,6.0,6.0,6.00,6.0,6.0,6.0,7.0,6.0,6.0,6.17,4.0,5.0,5.0,5.0,5.0,5.0,4.83,6.0,7.0,7.0,8.0,7.0,7.0,7.00,3.0,5.0,4.0,4.0,4.0,6.0,4.33,6.0,6.0,3.0,5.0,5.0,5.0,5.00
254,more than 10 year,Female,more than 50,Phd degree,Budget,6-10 times per day,NERP,Sony phone,Company owned,7.0,5.0,5.0,6.0,5.0,5.6,7.0,8.0,5.0,7.0,6.0,6.0,6.50,7.0,5.0,7.0,7.0,7.0,8.0,6.83,7.0,7.0,8.0,8.0,8.0,8.0,7.67,6.0,6.0,6.0,6.0,7.0,6.0,6.17,6.0,5.0,5.0,6.0,5.0,6.0,5.50,7.0,7.0,7.0,9.0,8.0,9.0,7.83
125,3-5year,Female,20-29,undergraduate,accounting,3-5 times per day,NERP,iPhone,User owned,5.0,7.0,4.0,6.0,6.0,5.6,6.0,6.0,4.0,5.0,6.0,4.0,5.17,6.0,6.0,6.0,6.0,5.0,6.0,5.83,4.0,4.0,4.0,5.0,5.0,5.0,4.50,4.0,4.0,3.0,3.0,3.0,3.0,3.33,3.0,3.0,3.0,6.0,4.0,4.0,3.83,7.0,8.0,8.0,8.0,8.0,7.0,7.67
224,1-2year,Female,30-39,Phd degree,Procurement,3-5 times per day,NERP,Huawei phone,User owned,6.0,6.0,4.0,6.0,6.0,5.6,4.0,4.0,7.0,4.0,5.0,7.0,5.17,7.0,8.0,8.0,8.0,2.0,5.0,6.33,6.0,6.0,6.0,6.0,6.0,6.0,6.00,6.0,7.0,6.0,7.0,8.0,8.0,7.00,6.0,6.0,6.0,7.0,7.0,7.0,6.50,8.0,9.0,8.0,5.0,8.0,8.0,7.67
32,1-2year,Female,less than 20,master degree,Human Resource,3-5 times per day,Kingdee,iPhone,User owned,6.0,5.0,4.0,6.0,7.0,5.6,4.0,5.0,7.0,4.0,5.0,7.0,5.33,5.0,6.0,6.0,6.0,7.0,7.0,6.17,5.0,5.0,5.0,7.0,6.0,6.0,5.67,6.0,5.0,5.0,6.0,5.0,6.0,5.50,6.0,6.0,5.0,5.0,6.0,6.0,5.67,7.0,7.0,7.0,7.0,7.0,7.0,7.00
263,3-5year,Male,40-49,high school,Budget,1-2 times per day,Yonyou,iPhone,User owned,6.0,6.0,7.0,3.0,6.0,5.6,5.0,5.0,7.0,4.0,5.0,7.0,5.50,5.0,6.0,6.0,6.0,6.0,6.0,5.83,4.0,5.0,5.0,6.0,5.0,5.0,5.00,4.0,5.0,6.0,5.0,6.0,5.0,5.17,7.0,7.0,7.0,7.0,4.0,6.0,6.33,8.0,8.0,5.0,6.0,9.0,9.0,7.50
150,less than 1 year,Male,20-29,undergraduate,accounting,1-2 times per day,NERP,iPhone,User owned,5.0,7.0,6.0,6.0,4.0,5.6,5.0,6.0,4.0,7.0,5.0,5.0,5.33,4.0,4.0,5.0,5.0,6.0,6.0,5.00,7.0,7.0,7.0,8.0,8.0,8.0,7.50,4.0,4.0,5.0,5.0,5.0,5.0,4.67,6.0,6.0,6.0,5.0,5.0,5.0,5.50,4.0,6.0,5.0,6.0,5.0,6.0,5.33
308,1-2year,Male,30-39,undergraduate,Human Resource,6-10 times per day,Kingdee,Huawei phone,User owned,6.0,6.0,6.0,6.0,4.0,5.6,4.0,4.0,3.0,4.0,5.0,5.0,4.17,6.0,6.0,6.0,6.0,5.0,7.0,6.00,6.0,6.0,6.0,6.0,6.0,6.0,6.00,7.0,6.0,6.0,6.0,6.0,4.0,5.83,6.0,6.0,5.0,5.0,6.0,6.0,5.67,8.0,9.0,10.0,9.0,9.0,9.0,9.00
294,6-10year,Female,30-39,college,Human Resource,3-5 times per day,Kingdee,Huawei phone,User owned,6.0,5.0,6.0,6.0,5.0,5.6,5.0,5.0,5.0,5.0,4.0,5.0,4.83,6.0,6.0,6.0,6.0,7.0,7.0,6.33,7.0,6.0,7.0,7.0,6.0,7.0,6.67,6.0,6.0,6.0,7.0,6.0,6.0,6.17,7.0,7.0,7.0,6.0,7.0,7.0,6.83,4.0,4.0,4.0,3.0,3.0,3.0,3.50
54,3-5year,Genderfluid,30-39,undergraduate,Procurement,3-5 times per day,NEWGRAND Software,iPhone,User owned,6.0,6.0,4.0,5.0,7.0,5.6,5.0,5.0,5.0,5.0,4.0,5.0,4.83,5.0,5.0,5.0,4.0,6.0,4.0,4.83,2.0,6.0,7.0,7.0,7.0,8.0,6.17,5.0,4.0,4.0,4.0,7.0,6.0,5.00,5.0,5.0,4.0,5.0,6.0,4.0,4.83,6.0,6.0,6.0,6.0,6.0,6.0,6.00
86,3-5year,Female,30-39,high school,Procurement,3-5 times per day,NERP,Huawei phone,User owned,7.0,5.0,5.0,5.0,5.0,5.4,5.0,6.0,6.0,4.0,7.0,6.0,5.67,6.0,6.0,6.0,6.0,6.0,6.0,6.00,8.0,3.0,7.0,7.0,7.0,7.0,6.50,7.0,5.0,6.0,5.0,6.0,5.0,5.67,8.0,8.0,8.0,6.0,7.0,7.0,7.33,6.0,6.0,5.0,6.0,6.0,8.0,6.17
69,more than 10 year,Female,more than 50,Phd degree,Budget,1-2 times per day,Yonyou,iPhone,User owned,5.0,5.0,6.0,5.0,6.0,5.4,5.0,6.0,1.0,4.0,7.0,6.0,4.83,6.0,7.0,7.0,4.0,6.0,4.0,5.67,5.0,4.0,4.0,5.0,4.0,4.0,4.33,6.0,6.0,6.0,6.0,6.0,6.0,6.00,10.0,10.0,10.0,10.0,6.0,7.0,8.83,6.0,6.0,6.0,6.0,8.0,7.0,6.50
135,1-2year,Male,30-39,Phd degree,Human Resource,3-5 times per day,Kingdee,iPhone,User owned,5.0,5.0,6.0,6.0,5.0,5.4,8.0,9.0,5.0,8.0,7.0,6.0,7.17,5.0,5.0,5.0,5.0,7.0,6.0,5.50,6.0,6.0,6.0,6.0,6.0,6.0,6.00,2.0,3.0,4.0,3.0,4.0,4.0,3.33,6.0,6.0,6.0,6.0,6.0,6.0,6.00,6.0,5.0,9.0,10.0,10.0,9.0,8.17
49,3-5year,Female,less than 20,master degree,Procurement,3-5 times per day,Kingdee,Ipad,User owned,6.0,5.0,5.0,6.0,5.0,5.4,6.0,7.0,5.0,8.0,7.0,8.0,6.83,6.0,6.0,6.0,6.0,5.0,6.0,5.83,6.0,5.0,6.0,6.0,6.0,6.0,5.83,7.0,7.0,6.0,6.0,7.0,6.0,6.50,6.0,5.0,5.0,6.0,5.0,6.0,5.50,6.0,7.0,7.0,7.0,6.0,6.0,6.50
184,3-5year,Genderfluid,20-29,undergraduate,Procurement,6-10 times per day,Yonyou,iPhone,User owned,4.0,6.0,4.0,8.0,5.0,5.4,6.0,6.0,6.0,6.0,6.0,8.0,6.33,6.0,6.0,6.0,6.0,6.0,7.0,6.17,8.0,8.0,7.0,7.0,7.0,7.0,7.33,8.0,9.0,4.0,7.0,8.0,8.0,7.33,6.0,6.0,7.0,7.0,8.0,8.0,7.00,5.0,4.0,8.0,8.0,8.0,8.0,6.83
303,less than 1 year,Female,less than 20,master degree,inventory,1-2 times per day,NEWGRAND Software,iPhone,User owned,6.0,5.0,5.0,5.0,6.0,5.4,5.0,5.0,6.0,6.0,6.0,6.0,5.67,6.0,6.0,6.0,6.0,6.0,6.0,6.00,5.0,5.0,5.0,5.0,5.0,5.0,5.00,6.0,4.0,5.0,6.0,5.0,6.0,5.33,6.0,6.0,5.0,6.0,5.0,6.0,5.67,7.0,5.0,6.0,5.0,6.0,5.0,5.67
39,1-2year,Female,less than 20,college,Finance,3-5 times per day,NERP,Huawei phone,User owned,6.0,6.0,3.0,6.0,6.0,5.4,6.0,6.0,6.0,5.0,6.0,6.0,5.83,5.0,5.0,6.0,5.0,6.0,6.0,5.50,6.0,6.0,6.0,6.0,6.0,6.0,6.00,7.0,7.0,4.0,7.0,6.0,7.0,6.33,4.0,4.0,5.0,6.0,5.0,6.0,5.00,5.0,6.0,6.0,6.0,6.0,6.0,5.83
78,3-5year,Genderfluid,30-39,college,Human Resource,6-10 times per day,Yonyou,Huawei tablet,User owned,7.0,4.0,6.0,4.0,6.0,5.4,5.0,5.0,4.0,7.0,6.0,5.0,5.33,5.0,5.0,5.0,5.0,7.0,6.0,5.50,6.0,6.0,6.0,5.0,5.0,5.0,5.50,8.0,8.0,7.0,6.0,7.0,7.0,7.17,8.0,4.0,6.0,7.0,7.0,7.0,6.50,3.0,5.0,5.0,6.0,6.0,6.0,5.17
322,less than 1 year,Female,20-29,high school,accounting,3-5 times per day,Kingdee,iPhone,User owned,5.0,4.0,6.0,6.0,6.0,5.4,4.0,5.0,4.0,5.0,6.0,4.0,4.67,5.0,5.0,5.0,5.0,5.0,6.0,5.17,6.0,5.0,5.0,5.0,5.0,5.0,5.17,4.0,5.0,5.0,6.0,6.0,6.0,5.33,6.0,5.0,5.0,4.0,6.0,4.0,5.00,5.0,3.0,2.0,3.0,3.0,3.0,3.17
296,1-2year,Intersex,20-29,college,inventory,3-5 times per day,Kingdee,iPhone,User owned,6.0,6.0,6.0,5.0,4.0,5.4,5.0,5.0,4.0,5.0,6.0,4.0,4.83,7.0,7.0,7.0,8.0,7.0,8.0,7.33,7.0,3.0,7.0,7.0,7.0,7.0,6.33,4.0,4.0,4.0,5.0,5.0,5.0,4.50,4.0,4.0,5.0,4.0,4.0,6.0,4.50,9.0,9.0,9.0,8.0,9.0,9.0,8.83
110,less than 1 year,Female,30-39,undergraduate,Procurement,3-5 times per day,NERP,Huawei phone,User owned,6.0,6.0,5.0,6.0,4.0,5.4,5.0,5.0,5.0,5.0,5.0,5.0,5.00,6.0,6.0,6.0,6.0,6.0,6.0,6.00,6.0,6.0,6.0,6.0,6.0,6.0,6.00,7.0,7.0,6.0,7.0,8.0,7.0,7.00,6.0,5.0,5.0,5.0,6.0,5.0,5.33,6.0,5.0,3.0,5.0,3.0,5.0,4.50
264,less than 1 year,Female,less than 20,undergraduate,inventory,1-2 times per day,NERP,Huawei phone,User owned,5.0,5.0,6.0,6.0,5.0,5.4,5.0,6.0,4.0,7.0,5.0,5.0,5.33,6.0,6.0,6.0,5.0,6.0,5.0,5.67,4.0,4.0,4.0,5.0,4.0,4.0,4.17,4.0,4.0,5.0,5.0,5.0,5.0,4.67,7.0,8.0,6.0,6.0,6.0,6.0,6.50,4.0,8.0,5.0,7.0,5.0,8.0,6.17
229,less than 1 year,Female,less than 20,undergraduate,inventory,1-2 times per day,NERP,iPhone,User owned,5.0,5.0,6.0,6.0,5.0,5.4,4.0,4.0,3.0,4.0,5.0,5.0,4.17,4.0,4.0,5.0,4.0,6.0,5.0,4.67,6.0,5.0,6.0,6.0,6.0,6.0,5.83,7.0,8.0,4.0,7.0,8.0,8.0,7.00,6.0,6.0,6.0,6.0,6.0,6.0,6.00,2.0,3.0,3.0,3.0,2.0,3.0,2.67
66,3-5year,Female,30-39,master degree,inventory,3-5 times per day,Kingdee,Huawei phone,User owned,8.0,4.0,4.0,8.0,3.0,5.4,5.0,5.0,3.0,4.0,5.0,3.0,4.17,5.0,5.0,5.0,5.0,5.0,6.0,5.17,8.0,8.0,8.0,8.0,9.0,8.0,8.17,2.0,3.0,3.0,3.0,3.0,3.0,2.83,2.0,3.0,3.0,4.0,4.0,3.0,3.17,10.0,9.0,9.0,10.0,10.0,5.0,8.83
147,6-10year,Female,more than 50,undergraduate,Human Resource,6-10 times per day,Yonyou,Huawei tablet,Both,6.0,6.0,6.0,4.0,5.0,5.4,6.0,5.0,4.0,5.0,4.0,5.0,4.83,6.0,6.0,6.0,6.0,7.0,6.0,6.17,6.0,6.0,7.0,7.0,6.0,7.0,6.50,6.0,5.0,5.0,5.0,5.0,5.0,5.17,1.0,3.0,3.0,5.0,4.0,5.0,3.50,3.0,3.0,6.0,4.0,2.0,9.0,4.50
85,3-5year,Male,more than 50,college,Finance,3-5 times per day,Kingdee,iPhone,User owned,5.0,4.0,6.0,6.0,6.0,5.4,3.0,3.0,4.0,2.0,4.0,3.0,3.17,4.0,5.0,5.0,6.0,5.0,6.0,5.17,3.0,3.0,3.0,3.0,4.0,4.0,3.33,5.0,5.0,5.0,5.0,5.0,3.0,4.67,3.0,3.0,3.0,4.0,4.0,3.0,3.33,4.0,4.0,6.0,6.0,6.0,5.0,5.17
252,6-10year,Female,30-39,undergraduate,Procurement,3-5 times per day,NERP,Huawei tablet,User owned,5.0,7.0,5.0,5.0,5.0,5.4,5.0,4.0,5.0,5.0,3.0,5.0,4.50,5.0,5.0,5.0,5.0,5.0,5.0,5.00,4.0,3.0,3.0,3.0,3.0,3.0,3.17,6.0,6.0,6.0,7.0,8.0,6.0,6.50,6.0,6.0,6.0,6.0,5.0,6.0,5.83,5.0,5.0,4.0,4.0,4.0,4.0,4.33
176,less than 1 year,Female,less than 20,master degree,Human Resource,1-2 times per day,NEWGRAND Software,Huawei phone,User owned,6.0,5.0,6.0,4.0,6.0,5.4,3.0,3.0,4.0,5.0,3.0,4.0,3.67,4.0,5.0,4.0,3.0,3.0,3.0,3.67,3.0,3.0,3.0,4.0,3.0,3.0,3.17,5.0,6.0,6.0,6.0,6.0,6.0,5.83,2.0,2.0,2.0,3.0,3.0,3.0,2.50,2.0,2.0,5.0,4.0,2.0,2.0,2.83
341,less than 1 year,Male,20-29,high school,accounting,1-2 times per day,Yonyou,iPhone,User owned,5.0,6.0,5.0,6.0,5.0,5.4,5.0,4.0,3.0,4.0,3.0,4.0,3.83,2.0,3.0,3.0,2.0,2.0,3.0,2.50,6.0,6.0,5.0,6.0,5.0,5.0,5.50,6.0,6.0,5.0,6.0,5.0,5.0,5.50,4.0,6.0,5.0,4.0,4.0,4.0,4.50,5.0,4.0,4.0,4.0,4.0,4.0,4.17
59,more than 10 year,Male,30-39,Phd degree,inventory,1-2 times per day,NEWGRAND Software,iPhone,User owned,5.0,6.0,5.0,5.0,5.0,5.2,5.0,5.0,6.0,6.0,6.0,6.0,5.67,7.0,7.0,7.0,8.0,6.0,8.0,7.17,7.0,7.0,8.0,8.0,8.0,8.0,7.67,6.0,5.0,5.0,5.0,5.0,5.0,5.17,6.0,6.0,5.0,6.0,5.0,6.0,5.67,8.0,8.0,8.0,8.0,8.0,10.0,8.33
160,less than 1 year,Female,less than 20,master degree,Human Resource,1-2 times per day,Yonyou,iPhone,User owned,5.0,6.0,5.0,5.0,5.0,5.2,6.0,6.0,4.0,5.0,6.0,4.0,5.17,6.0,6.0,5.0,5.0,5.0,6.0,5.50,7.0,7.0,7.0,8.0,8.0,8.0,7.50,6.0,6.0,5.0,5.0,5.0,5.0,5.33,5.0,5.0,5.0,6.0,6.0,6.0,5.50,6.0,6.0,6.0,7.0,6.0,6.0,6.17
67,less than 1 year,Intersex,30-39,Phd degree,Human Resource,3-5 times per day,NEWGRAND Software,Huawei tablet,Company owned,5.0,6.0,6.0,4.0,5.0,5.2,6.0,6.0,4.0,5.0,6.0,4.0,5.17,5.0,5.0,5.0,6.0,5.0,6.0,5.33,3.0,4.0,4.0,5.0,4.0,4.0,4.00,7.0,7.0,7.0,8.0,7.0,6.0,7.00,5.0,4.0,4.0,4.0,4.0,4.0,4.17,6.0,5.0,3.0,5.0,5.0,4.0,4.67
221,3-5year,Genderfluid,30-39,undergraduate,Human Resource,3-5 times per day,NERP,Huawei phone,User owned,6.0,5.0,5.0,5.0,5.0,5.2,6.0,5.0,7.0,4.0,5.0,7.0,5.67,5.0,5.0,5.0,5.0,6.0,6.0,5.33,6.0,6.0,7.0,7.0,7.0,7.0,6.67,6.0,7.0,6.0,6.0,6.0,6.0,6.17,6.0,6.0,6.0,4.0,6.0,7.0,5.83,6.0,7.0,7.0,7.0,5.0,6.0,6.33
82,less than 1 year,Female,less than 20,college,Human Resource,1-2 times per day,NERP,iPhone,User owned,5.0,5.0,6.0,5.0,5.0,5.2,3.0,4.0,5.0,3.0,5.0,5.0,4.17,6.0,7.0,6.0,7.0,7.0,7.0,6.67,6.0,6.0,6.0,5.0,5.0,5.0,5.50,5.0,5.0,5.0,5.0,5.0,5.0,5.00,6.0,6.0,5.0,5.0,6.0,5.0,5.50,7.0,5.0,6.0,6.0,6.0,6.0,6.00
238,6-10year,Genderfluid,30-39,high school,Human Resource,More than 10 times per day,Yonyou,Huawei phone,User owned,3.0,4.0,6.0,7.0,6.0,5.2,5.0,5.0,5.0,5.0,5.0,5.0,5.00,3.0,4.0,4.0,4.0,6.0,4.0,4.17,4.0,5.0,5.0,6.0,5.0,5.0,5.00,4.0,6.0,6.0,5.0,6.0,5.0,5.33,6.0,6.0,4.0,6.0,6.0,4.0,5.33,3.0,4.0,4.0,3.0,3.0,3.0,3.33
198,less than 1 year,Female,30-39,high school,Budget,3-5 times per day,NERP,Huawei phone,User owned,6.0,6.0,4.0,5.0,5.0,5.2,4.0,4.0,5.0,3.0,5.0,5.0,4.33,4.0,3.0,4.0,4.0,3.0,5.0,3.83,6.0,6.0,7.0,5.0,5.0,7.0,6.00,5.0,4.0,4.0,5.0,5.0,6.0,4.83,2.0,3.0,4.0,4.0,6.0,4.0,3.83,2.0,2.0,5.0,7.0,9.0,3.0,4.67
111,less than 1 year,Female,20-29,high school,Procurement,3-5 times per day,Kingdee,iPhone,User owned,6.0,5.0,5.0,5.0,5.0,5.2,4.0,4.0,5.0,5.0,5.0,5.0,4.67,7.0,7.0,7.0,8.0,6.0,8.0,7.17,5.0,5.0,5.0,6.0,5.0,5.0,5.17,6.0,5.0,5.0,6.0,5.0,5.0,5.33,2.0,5.0,5.0,6.0,5.0,6.0,4.83,8.0,9.0,8.0,8.0,7.0,9.0,8.17
164,1-2year,Female,20-29,undergraduate,Human Resource,3-5 times per day,Kingdee,iPhone,User owned,6.0,5.0,5.0,4.0,6.0,5.2,5.0,5.0,5.0,5.0,5.0,5.0,5.00,6.0,7.0,6.0,6.0,6.0,6.0,6.17,6.0,6.0,6.0,6.0,6.0,6.0,6.00,6.0,6.0,7.0,6.0,4.0,7.0,6.00,5.0,5.0,5.0,6.0,5.0,5.0,5.17,7.0,7.0,5.0,4.0,6.0,5.0,5.67
332,3-5year,Genderfluid,20-29,college,accounting,3-5 times per day,NERP,Huawei phone,User owned,5.0,5.0,5.0,7.0,4.0,5.2,5.0,6.0,4.0,7.0,5.0,5.0,5.33,6.0,4.0,5.0,5.0,6.0,5.0,5.17,7.0,6.0,7.0,7.0,6.0,7.0,6.67,4.0,5.0,6.0,5.0,6.0,6.0,5.33,1.0,4.0,4.0,5.0,4.0,5.0,3.83,7.0,8.0,5.0,7.0,7.0,5.0,6.50
148,3-5year,Male,20-29,undergraduate,accounting,3-5 times per day,NERP,Huawei phone,User owned,4.0,5.0,6.0,6.0,5.0,5.2,4.0,3.0,5.0,3.0,4.0,5.0,4.00,6.0,7.0,7.0,7.0,8.0,8.0,7.17,6.0,6.0,6.0,7.0,6.0,6.0,6.17,5.0,6.0,6.0,6.0,7.0,6.0,6.00,5.0,6.0,6.0,5.0,6.0,5.0,5.50,8.0,9.0,8.0,8.0,8.0,7.0,8.00
41,6-10year,Genderfluid,20-29,undergraduate,Procurement,3-5 times per day,Kingdee,Ipad,User owned,5.0,5.0,5.0,6.0,5.0,5.2,2.0,3.0,5.0,3.0,4.0,5.0,3.67,5.0,4.0,4.0,3.0,4.0,3.0,3.83,7.0,7.0,8.0,5.0,5.0,7.0,6.50,5.0,6.0,5.0,5.0,5.0,5.0,5.17,6.0,5.0,5.0,5.0,5.0,5.0,5.17,7.0,7.0,5.0,6.0,6.0,5.0,6.00
178,1-2year,Female,less than 20,undergraduate,accounting,More than 10 times per day,Yonyou,blackberry phone,User owned,6.0,6.0,5.0,4.0,5.0,5.2,4.0,4.0,5.0,3.0,4.0,5.0,4.17,4.0,6.0,7.0,7.0,7.0,7.0,6.33,5.0,5.0,5.0,4.0,4.0,4.0,4.50,3.0,5.0,6.0,6.0,6.0,6.0,5.33,6.0,4.0,4.0,7.0,4.0,4.0,4.83,8.0,5.0,3.0,5.0,5.0,4.0,5.00
138,3-5year,Female,more than 50,college,inventory,3-5 times per day,NERP,Huawei phone,User owned,5.0,5.0,7.0,5.0,4.0,5.2,6.0,5.0,4.0,5.0,4.0,5.0,4.83,5.0,5.0,5.0,5.0,5.0,5.0,5.00,5.0,5.0,4.0,4.0,3.0,4.0,4.17,2.0,3.0,7.0,4.0,4.0,4.0,4.00,5.0,5.0,5.0,5.0,5.0,5.0,5.00,5.0,5.0,5.0,4.0,4.0,4.0,4.50
311,3-5year,Female,30-39,college,Human Resource,More than 10 times per day,Kingdee,Huawei tablet,User owned,6.0,6.0,4.0,6.0,4.0,5.2,3.0,3.0,4.0,4.0,4.0,4.0,3.67,5.0,3.0,4.0,3.0,6.0,2.0,3.83,8.0,6.0,6.0,6.0,6.0,6.0,6.33,8.0,6.0,5.0,6.0,5.0,5.0,5.83,2.0,4.0,2.0,4.0,4.0,5.0,3.50,5.0,5.0,4.0,4.0,4.0,4.0,4.33
5,6-10year,Female,30-39,college,accounting,3-5 times per day,Kingdee,iPhone,Company owned,6.0,5.0,5.0,5.0,5.0,5.2,3.0,3.0,4.0,1.0,4.0,3.0,3.00,8.0,8.0,2.0,7.0,4.0,7.0,6.00,6.0,5.0,5.0,4.0,4.0,4.0,4.67,7.0,6.0,5.0,5.0,5.0,5.0,5.50,2.0,3.0,3.0,3.0,3.0,6.0,3.33,7.0,7.0,7.0,7.0,7.0,7.0,7.00
122,1-2year,Male,30-39,high school,sales,1-2 times per day,Yonyou,iPhone,User owned,5.0,5.0,6.0,5.0,5.0,5.2,3.0,3.0,4.0,4.0,4.0,4.0,3.67,4.0,4.0,5.0,5.0,5.0,6.0,4.83,4.0,4.0,3.0,4.0,4.0,3.0,3.67,5.0,5.0,5.0,5.0,4.0,3.0,4.50,2.0,3.0,3.0,3.0,3.0,3.0,2.83,6.0,6.0,6.0,5.0,6.0,6.0,5.83
44,less than 1 year,Male,30-39,master degree,inventory,3-5 times per day,Kingdee,iPhone,User owned,5.0,6.0,6.0,4.0,5.0,5.2,9.0,9.0,5.0,8.0,1.0,7.0,6.50,5.0,5.0,6.0,5.0,5.0,5.0,5.17,5.0,5.0,5.0,5.0,5.0,5.0,5.00,5.0,6.0,6.0,5.0,6.0,5.0,5.50,6.0,6.0,5.0,6.0,5.0,6.0,5.67,7.0,7.0,7.0,7.0,7.0,7.0,7.00
343,3-5year,Female,40-49,master degree,accounting,More than 10 times per day,Kingdee,Huawei tablet,User owned,5.0,5.0,5.0,5.0,5.0,5.0,8.0,9.0,7.0,7.0,8.0,8.0,7.83,7.0,7.0,7.0,8.0,8.0,9.0,7.67,6.0,5.0,5.0,5.0,5.0,5.0,5.17,6.0,5.0,6.0,6.0,6.0,6.0,5.83,7.0,7.0,7.0,7.0,8.0,8.0,7.33,4.0,4.0,8.0,8.0,8.0,5.0,6.17
260,3-5year,Female,40-49,master degree,Human Resource,More than 10 times per day,Kingdee,Huawei tablet,User owned,5.0,5.0,5.0,5.0,5.0,5.0,7.0,8.0,4.0,7.0,8.0,8.0,7.00,7.0,7.0,7.0,8.0,8.0,9.0,7.67,4.0,4.0,4.0,5.0,5.0,5.0,4.50,6.0,5.0,6.0,6.0,6.0,6.0,5.83,7.0,7.0,7.0,8.0,8.0,8.0,7.50,6.0,5.0,5.0,7.0,8.0,5.0,6.00
243,3-5year,Female,40-49,undergraduate,Procurement,3-5 times per day,Kingdee,Ipad,User owned,4.0,7.0,4.0,5.0,5.0,5.0,6.0,6.0,6.0,0.0,7.0,6.0,5.17,7.0,7.0,7.0,8.0,8.0,8.0,7.50,6.0,7.0,7.0,7.0,7.0,8.0,7.00,7.0,7.0,7.0,7.0,7.0,8.0,7.17,7.0,7.0,7.0,6.0,7.0,7.0,6.83,6.0,6.0,6.0,7.0,6.0,6.0,6.17
300,3-5year,Male,20-29,college,Human Resource,More than 10 times per day,Yonyou,iPhone,User owned,7.0,4.0,6.0,4.0,4.0,5.0,5.0,5.0,6.0,4.0,7.0,6.0,5.50,4.0,4.0,4.0,5.0,4.0,4.0,4.17,4.0,3.0,3.0,3.0,3.0,3.0,3.17,7.0,7.0,4.0,7.0,8.0,8.0,6.83,2.0,6.0,6.0,5.0,6.0,5.0,5.00,3.0,2.0,3.0,2.0,1.0,2.0,2.17
36,3-5year,Female,30-39,college,Procurement,3-5 times per day,NERP,Huawei phone,User owned,5.0,4.0,5.0,6.0,5.0,5.0,6.0,6.0,4.0,0.0,7.0,4.0,4.50,4.0,4.0,4.0,4.0,4.0,3.0,3.83,6.0,7.0,7.0,7.0,7.0,8.0,7.00,7.0,5.0,5.0,4.0,3.0,4.0,4.67,6.0,6.0,6.0,7.0,6.0,7.0,6.33,4.0,6.0,5.0,6.0,6.0,6.0,5.50
98,less than 1 year,Female,less than 20,college,Finance,3-5 times per day,Kingdee,Huawei phone,User owned,6.0,4.0,4.0,6.0,5.0,5.0,6.0,6.0,6.0,6.0,6.0,6.0,6.00,6.0,6.0,6.0,7.0,4.0,6.0,5.83,5.0,5.0,5.0,5.0,5.0,5.0,5.00,5.0,5.0,5.0,5.0,5.0,5.0,5.00,4.0,4.0,5.0,6.0,5.0,5.0,4.83,3.0,4.0,4.0,2.0,5.0,6.0,4.00
266,more than 10 year,Male,30-39,high school,Finance,6-10 times per day,Yonyou,iPhone,User owned,5.0,5.0,5.0,5.0,5.0,5.0,5.0,6.0,4.0,5.0,6.0,4.0,5.00,5.0,5.0,5.0,4.0,5.0,4.0,4.67,5.0,5.0,5.0,4.0,4.0,4.0,4.50,4.0,2.0,4.0,2.0,3.0,4.0,3.17,5.0,4.0,4.0,5.0,4.0,4.0,4.33,5.0,4.0,4.0,5.0,6.0,6.0,5.00
40,1-2year,Female,30-39,undergraduate,Human Resource,3-5 times per day,NERP,Huawei phone,User owned,6.0,5.0,5.0,4.0,5.0,5.0,5.0,5.0,7.0,4.0,5.0,7.0,5.50,7.0,8.0,5.0,7.0,7.0,7.0,6.83,4.0,5.0,5.0,6.0,5.0,5.0,5.00,6.0,6.0,6.0,5.0,6.0,5.0,5.67,6.0,5.0,5.0,5.0,6.0,5.0,5.33,7.0,7.0,7.0,7.0,7.0,7.0,7.00
70,6-10year,Female,40-49,master degree,accounting,1-2 times per day,Yonyou,iPhone,User owned,4.0,2.0,6.0,7.0,6.0,5.0,5.0,5.0,5.0,5.0,5.0,5.0,5.00,8.0,8.0,9.0,9.0,9.0,9.0,8.67,6.0,7.0,7.0,8.0,8.0,8.0,7.33,5.0,4.0,7.0,8.0,8.0,8.0,6.67,8.0,8.0,8.0,8.0,8.0,8.0,8.00,7.0,7.0,7.0,7.0,7.0,7.0,7.00
23,3-5year,Female,less than 20,college,Procurement,1-2 times per day,Yonyou,iPhone,User owned,4.0,5.0,5.0,5.0,6.0,5.0,2.0,3.0,5.0,3.0,5.0,5.0,3.83,6.0,6.0,6.0,6.0,6.0,6.0,6.00,5.0,4.0,4.0,5.0,4.0,4.0,4.33,8.0,6.0,5.0,6.0,7.0,6.0,6.33,4.0,5.0,6.0,6.0,6.0,6.0,5.50,6.0,6.0,8.0,7.0,8.0,8.0,7.17
99,1-2year,Genderfluid,30-39,college,Procurement,3-5 times per day,NERP,Huawei phone,User owned,5.0,4.0,5.0,6.0,5.0,5.0,5.0,5.0,5.0,5.0,5.0,5.0,5.00,4.0,4.0,5.0,4.0,4.0,4.0,4.17,7.0,7.0,2.0,7.0,7.0,7.0,6.17,6.0,6.0,5.0,5.0,5.0,5.0,5.33,6.0,6.0,6.0,6.0,6.0,5.0,5.83,4.0,4.0,4.0,9.0,7.0,7.0,5.83
274,1-2year,Female,40-49,college,Procurement,3-5 times per day,NERP,Huawei phone,User owned,4.0,5.0,5.0,6.0,5.0,5.0,3.0,4.0,5.0,5.0,5.0,5.0,4.50,6.0,6.0,6.0,6.0,6.0,6.0,6.00,7.0,3.0,7.0,7.0,7.0,7.0,6.33,6.0,7.0,7.0,7.0,7.0,7.0,6.83,5.0,5.0,5.0,5.0,6.0,5.0,5.17,7.0,7.0,5.0,2.0,3.0,5.0,4.83
282,3-5year,Male,20-29,high school,Human Resource,1-2 times per day,Yonyou,iPhone,User owned,6.0,5.0,5.0,4.0,5.0,5.0,4.0,4.0,5.0,5.0,5.0,5.0,4.67,5.0,6.0,5.0,5.0,3.0,5.0,4.83,3.0,2.0,2.0,2.0,3.0,2.0,2.33,6.0,4.0,3.0,3.0,3.0,3.0,3.67,4.0,4.0,4.0,4.0,4.0,3.0,3.83,7.0,7.0,7.0,7.0,5.0,6.0,6.50
287,3-5year,Female,more than 50,undergraduate,Procurement,1-2 times per day,Master service,iPhone,User owned,4.0,5.0,5.0,5.0,6.0,5.0,5.0,5.0,5.0,7.0,4.0,5.0,5.17,7.0,4.0,6.0,7.0,7.0,7.0,6.33,8.0,8.0,2.0,7.0,7.0,7.0,6.50,8.0,6.0,6.0,5.0,6.0,6.0,6.17,6.0,5.0,5.0,6.0,5.0,6.0,5.50,5.0,6.0,6.0,7.0,8.0,7.0,6.50
292,1-2year,Male,20-29,college,inventory,3-5 times per day,Kingdee,iPhone,User owned,5.0,6.0,5.0,4.0,5.0,5.0,5.0,4.0,5.0,3.0,4.0,5.0,4.33,6.0,6.0,6.0,7.0,7.0,6.0,6.33,4.0,3.0,3.0,4.0,4.0,4.0,3.67,5.0,5.0,5.0,5.0,4.0,4.0,4.67,3.0,2.0,2.0,4.0,3.0,4.0,3.00,6.0,5.0,5.0,4.0,6.0,6.0,5.33
116,6-10year,Female,20-29,undergraduate,Procurement,3-5 times per day,NERP,iPhone,User owned,6.0,4.0,5.0,6.0,4.0,5.0,6.0,5.0,4.0,5.0,4.0,5.0,4.83,5.0,5.0,6.0,4.0,4.0,4.0,4.67,6.0,6.0,6.0,6.0,6.0,6.0,6.00,6.0,6.0,4.0,6.0,6.0,6.0,5.67,6.0,6.0,6.0,6.0,4.0,5.0,5.50,6.0,7.0,7.0,5.0,6.0,6.0,6.17
192,less than 1 year,Male,20-29,college,accounting,6-10 times per day,Kingdee,iPhone,User owned,5.0,3.0,5.0,6.0,6.0,5.0,4.0,4.0,3.0,4.0,4.0,4.0,3.83,6.0,6.0,6.0,6.0,5.0,6.0,5.83,4.0,4.0,4.0,5.0,4.0,4.0,4.17,3.0,4.0,3.0,4.0,4.0,4.0,3.67,5.0,4.0,4.0,4.0,4.0,4.0,4.17,7.0,7.0,7.0,7.0,7.0,6.0,6.83
301,1-2year,Female,20-29,college,accounting,3-5 times per day,Kingdee,Huawei phone,User owned,4.0,5.0,3.0,7.0,6.0,5.0,3.0,3.0,5.0,5.0,3.0,5.0,4.00,6.0,6.0,5.0,5.0,5.0,6.0,5.50,6.0,4.0,4.0,5.0,4.0,4.0,4.50,3.0,2.0,2.0,4.0,4.0,4.0,3.17,5.0,4.0,4.0,4.0,4.0,4.0,4.17,3.0,2.0,3.0,9.0,7.0,5.0,4.83
218,1-2year,Female,20-29,undergraduate,Human Resource,More than 10 times per day,Kingdee,iPhone,User owned,5.0,4.0,4.0,6.0,6.0,5.0,5.0,4.0,3.0,4.0,3.0,4.0,3.83,4.0,4.0,5.0,5.0,4.0,4.0,4.33,6.0,6.0,6.0,5.0,5.0,5.0,5.50,4.0,4.0,4.0,4.0,4.0,4.0,4.00,4.0,4.0,5.0,5.0,5.0,5.0,4.67,1.0,5.0,6.0,6.0,6.0,5.0,4.83
259,6-10year,Female,30-39,college,Procurement,3-5 times per day,Kingdee,Huawei phone,User owned,6.0,5.0,6.0,4.0,4.0,5.0,3.0,3.0,4.0,4.0,2.0,4.0,3.33,8.0,9.0,4.0,5.0,5.0,7.0,6.33,4.0,4.0,2.0,3.0,3.0,2.0,3.00,6.0,5.0,6.0,7.0,8.0,6.0,6.33,7.0,4.0,4.0,4.0,4.0,4.0,4.50,6.0,3.0,6.0,6.0,3.0,2.0,4.33
8,less than 1 year,Female,less than 20,undergraduate,Finance,1-2 times per day,NEWGRAND Software,Huawei phone,Company owned,5.0,4.0,6.0,4.0,5.0,4.8,8.0,9.0,7.0,4.0,10.0,7.0,7.50,6.0,7.0,6.0,6.0,6.0,7.0,6.33,5.0,5.0,5.0,6.0,6.0,6.0,5.50,7.0,8.0,8.0,9.0,9.0,9.0,8.33,5.0,6.0,6.0,7.0,7.0,7.0,6.33,9.0,10.0,10.0,9.0,9.0,9.0,9.33
77,1-2year,Female,20-29,college,Budget,3-5 times per day,NERP,Huawei phone,User owned,4.0,5.0,5.0,5.0,5.0,4.8,5.0,6.0,6.0,4.0,7.0,6.0,5.67,3.0,6.0,7.0,7.0,5.0,8.0,6.00,6.0,6.0,6.0,6.0,6.0,6.0,6.00,5.0,6.0,5.0,5.0,5.0,5.0,5.17,6.0,6.0,5.0,6.0,6.0,6.0,5.83,8.0,8.0,8.0,8.0,8.0,8.0,8.00
297,3-5year,Male,20-29,college,Human Resource,3-5 times per day,Kingdee,iPhone,User owned,3.0,5.0,7.0,4.0,5.0,4.8,6.0,8.0,5.0,7.0,6.0,1.0,5.50,2.0,6.0,7.0,7.0,7.0,3.0,5.33,6.0,5.0,5.0,5.0,5.0,5.0,5.17,5.0,5.0,5.0,5.0,5.0,5.0,5.00,5.0,5.0,5.0,5.0,5.0,5.0,5.00,3.0,3.0,6.0,4.0,4.0,5.0,4.17
223,1-2year,Male,20-29,college,Finance,1-2 times per day,Kingdee,iPhone,User owned,6.0,6.0,5.0,2.0,5.0,4.8,4.0,5.0,4.0,5.0,6.0,4.0,4.67,2.0,3.0,3.0,3.0,6.0,3.0,3.33,6.0,7.0,7.0,2.0,7.0,5.0,5.67,4.0,4.0,4.0,5.0,5.0,3.0,4.17,5.0,4.0,4.0,6.0,5.0,4.0,4.67,4.0,4.0,4.0,4.0,4.0,4.0,4.00
310,1-2year,Female,20-29,college,Procurement,3-5 times per day,Kingdee,Ipad,User owned,6.0,5.0,4.0,6.0,3.0,4.8,6.0,6.0,8.0,7.0,5.0,8.0,6.67,6.0,6.0,6.0,6.0,6.0,6.0,6.00,7.0,7.0,6.0,7.0,7.0,7.0,6.83,2.0,3.0,7.0,8.0,8.0,8.0,6.00,4.0,3.0,3.0,4.0,4.0,5.0,3.83,4.0,4.0,6.0,6.0,6.0,6.0,5.33
133,1-2year,Male,30-39,college,inventory,3-5 times per day,NERP,iPhone,User owned,6.0,5.0,5.0,5.0,3.0,4.8,4.0,4.0,5.0,5.0,5.0,5.0,4.67,6.0,7.0,6.0,7.0,7.0,7.0,6.67,5.0,5.0,5.0,6.0,6.0,6.0,5.50,7.0,6.0,6.0,6.0,6.0,6.0,6.17,4.0,4.0,4.0,4.0,4.0,4.0,4.00,6.0,7.0,8.0,8.0,7.0,5.0,6.83
261,3-5year,Female,20-29,high school,inventory,6-10 times per day,Kingdee,iPhone,User owned,4.0,5.0,6.0,5.0,4.0,4.8,4.0,4.0,5.0,5.0,5.0,5.0,4.67,7.0,7.0,7.0,8.0,5.0,8.0,7.00,4.0,5.0,5.0,5.0,5.0,5.0,4.83,6.0,5.0,5.0,5.0,5.0,5.0,5.17,5.0,4.0,4.0,4.0,4.0,4.0,4.17,8.0,8.0,7.0,7.0,5.0,8.0,7.17
237,3-5year,Female,less than 20,undergraduate,Procurement,3-5 times per day,NERP,iPhone,User owned,4.0,6.0,4.0,6.0,4.0,4.8,4.0,4.0,5.0,3.0,4.0,5.0,4.17,4.0,4.0,5.0,4.0,3.0,4.0,4.00,6.0,6.0,6.0,6.0,6.0,6.0,6.00,3.0,3.0,4.0,4.0,5.0,5.0,4.00,5.0,5.0,5.0,6.0,5.0,5.0,5.17,6.0,6.0,6.0,6.0,6.0,6.0,6.00
93,6-10year,Male,less than 20,master degree,inventory,3-5 times per day,Kingdee,Huawei phone,User owned,6.0,5.0,5.0,4.0,4.0,4.8,4.0,3.0,5.0,3.0,4.0,5.0,4.00,8.0,6.0,7.0,6.0,4.0,7.0,6.33,6.0,6.0,6.0,5.0,5.0,5.0,5.50,5.0,5.0,5.0,5.0,5.0,5.0,5.00,6.0,6.0,4.0,4.0,4.0,6.0,5.00,5.0,6.0,6.0,9.0,8.0,7.0,6.83
299,1-2year,Female,20-29,master degree,Procurement,3-5 times per day,NERP,Huawei phone,User owned,5.0,5.0,5.0,4.0,5.0,4.8,5.0,5.0,5.0,5.0,4.0,5.0,4.83,6.0,7.0,6.0,6.0,5.0,7.0,6.17,4.0,4.0,7.0,5.0,5.0,4.0,4.83,5.0,6.0,6.0,5.0,6.0,5.0,5.50,5.0,3.0,4.0,3.0,4.0,5.0,4.00,8.0,8.0,7.0,7.0,7.0,7.0,7.33
271,1-2year,Female,20-29,undergraduate,Procurement,3-5 times per day,Kingdee,Ipad,User owned,4.0,4.0,5.0,4.0,7.0,4.8,4.0,4.0,3.0,4.0,4.0,4.0,3.83,6.0,6.0,6.0,6.0,5.0,6.0,5.83,4.0,4.0,7.0,7.0,6.0,5.0,5.50,6.0,5.0,5.0,5.0,5.0,5.0,5.17,5.0,5.0,4.0,5.0,6.0,6.0,5.17,7.0,7.0,8.0,8.0,5.0,4.0,6.50
288,1-2year,Female,20-29,college,Budget,1-2 times per day,NERP,Huawei phone,User owned,3.0,4.0,5.0,8.0,4.0,4.8,5.0,5.0,3.0,6.0,4.0,3.0,4.33,6.0,6.0,4.0,5.0,4.0,6.0,5.17,7.0,7.0,8.0,8.0,8.0,2.0,6.67,4.0,4.0,5.0,5.0,5.0,5.0,4.67,4.0,4.0,3.0,4.0,4.0,3.0,3.67,5.0,4.0,6.0,5.0,4.0,4.0,4.67
113,less than 1 year,Female,30-39,undergraduate,Budget,3-5 times per day,Kingdee,iPhone,User owned,4.0,5.0,5.0,6.0,4.0,4.8,3.0,3.0,1.0,4.0,3.0,2.0,2.67,3.0,3.0,3.0,2.0,2.0,3.0,2.67,9.0,8.0,7.0,7.0,7.0,7.0,7.50,7.0,4.0,4.0,4.0,3.0,4.0,4.33,4.0,4.0,2.0,3.0,2.0,4.0,3.17,6.0,6.0,6.0,2.0,2.0,3.0,4.17
55,3-5year,Female,30-39,undergraduate,Budget,3-5 times per day,NERP,Huawei phone,User owned,4.0,3.0,5.0,6.0,5.0,4.6,5.0,5.0,9.0,4.0,7.0,3.0,5.50,6.0,7.0,6.0,6.0,6.0,6.0,6.17,6.0,6.0,5.0,6.0,5.0,5.0,5.50,5.0,6.0,6.0,6.0,5.0,5.0,5.50,4.0,5.0,4.0,5.0,6.0,4.0,4.67,4.0,6.0,6.0,7.0,5.0,4.0,5.33
28,6-10year,Female,30-39,master degree,Procurement,More than 10 times per day,Kingdee,iPhone,User owned,5.0,4.0,4.0,6.0,4.0,4.6,6.0,6.0,6.0,6.0,6.0,6.0,6.00,6.0,7.0,6.0,6.0,6.0,6.0,6.17,6.0,6.0,6.0,6.0,6.0,6.0,6.00,9.0,10.0,5.0,7.0,4.0,4.0,6.50,5.0,5.0,6.0,6.0,6.0,6.0,5.67,6.0,6.0,8.0,8.0,8.0,8.0,7.33
141,3-5year,Male,20-29,college,inventory,3-5 times per day,Yonyou,iPhone,User owned,4.0,5.0,5.0,4.0,5.0,4.6,6.0,6.0,6.0,5.0,6.0,6.0,5.83,4.0,4.0,4.0,4.0,4.0,4.0,4.00,6.0,6.0,6.0,6.0,6.0,6.0,6.00,6.0,5.0,6.0,6.0,6.0,6.0,5.83,6.0,6.0,6.0,5.0,6.0,5.0,5.67,5.0,5.0,5.0,5.0,5.0,2.0,4.50
79,less than 1 year,Female,less than 20,college,Finance,3-5 times per day,Kingdee,iPhone,User owned,4.0,3.0,4.0,7.0,5.0,4.6,6.0,6.0,6.0,6.0,6.0,6.0,6.00,5.0,5.0,5.0,7.0,6.0,6.0,5.67,7.0,7.0,8.0,8.0,8.0,8.0,7.67,4.0,4.0,5.0,6.0,6.0,6.0,5.17,6.0,6.0,5.0,5.0,5.0,5.0,5.33,4.0,4.0,6.0,6.0,6.0,6.0,5.33
199,less than 1 year,Female,30-39,undergraduate,accounting,3-5 times per day,Kingdee,Ipad,User owned,5.0,6.0,4.0,4.0,4.0,4.6,5.0,5.0,5.0,3.0,5.0,5.0,4.67,5.0,3.0,5.0,5.0,5.0,5.0,4.67,4.0,4.0,4.0,4.0,4.0,3.0,3.83,5.0,5.0,5.0,4.0,4.0,4.0,4.50,6.0,6.0,6.0,5.0,4.0,4.0,5.17,5.0,5.0,4.0,4.0,4.0,4.0,4.33
56,less than 1 year,Female,20-29,high school,Budget,1-2 times per day,Yonyou,iPhone,User owned,4.0,3.0,5.0,6.0,5.0,4.6,5.0,5.0,5.0,5.0,4.0,5.0,4.83,6.0,7.0,6.0,7.0,5.0,7.0,6.33,5.0,5.0,5.0,6.0,5.0,5.0,5.17,6.0,6.0,6.0,6.0,6.0,6.0,6.00,6.0,6.0,6.0,7.0,7.0,7.0,6.50,5.0,6.0,5.0,6.0,3.0,5.0,5.00
119,3-5year,Female,40-49,undergraduate,Procurement,3-5 times per day,Kingdee,iPhone,User owned,6.0,3.0,4.0,6.0,4.0,4.6,4.0,4.0,5.0,3.0,4.0,5.0,4.17,6.0,6.0,5.0,5.0,5.0,5.0,5.33,6.0,5.0,5.0,4.0,4.0,7.0,5.17,4.0,6.0,5.0,6.0,6.0,6.0,5.50,3.0,4.0,4.0,5.0,4.0,5.0,4.17,7.0,7.0,5.0,6.0,6.0,5.0,6.00
166,less than 1 year,Male,less than 20,college,accounting,1-2 times per day,NERP,iPhone,User owned,4.0,6.0,6.0,5.0,2.0,4.6,5.0,4.0,5.0,3.0,4.0,5.0,4.33,6.0,6.0,6.0,5.0,6.0,6.0,5.83,4.0,4.0,4.0,5.0,4.0,4.0,4.17,6.0,6.0,7.0,6.0,7.0,6.0,6.33,4.0,3.0,3.0,4.0,3.0,5.0,3.67,7.0,7.0,7.0,7.0,7.0,7.0,7.00
95,3-5year,Female,20-29,master degree,Procurement,3-5 times per day,Kingdee,Ipad,User owned,5.0,4.0,4.0,5.0,5.0,4.6,3.0,3.0,4.0,4.0,4.0,4.0,3.67,7.0,7.0,7.0,8.0,3.0,7.0,6.50,4.0,5.0,4.0,4.0,4.0,4.0,4.17,6.0,6.0,5.0,5.0,5.0,6.0,5.50,4.0,4.0,5.0,6.0,5.0,6.0,5.00,8.0,9.0,10.0,9.0,9.0,3.0,8.00
326,6-10year,Female,20-29,college,Human Resource,3-5 times per day,Kingdee,Ipad,User owned,4.0,6.0,4.0,5.0,4.0,4.6,3.0,3.0,4.0,2.0,4.0,3.0,3.17,0.0,3.0,2.0,2.0,2.0,3.0,2.00,5.0,4.0,4.0,5.0,4.0,4.0,4.33,5.0,5.0,3.0,4.0,4.0,4.0,4.17,5.0,4.0,4.0,4.0,4.0,4.0,4.17,4.0,3.0,2.0,2.0,1.0,1.0,2.17
172,more than 10 year,Female,less than 20,undergraduate,Procurement,3-5 times per day,Kingdee,Huawei phone,User owned,5.0,5.0,5.0,4.0,4.0,4.6,6.0,4.0,5.0,5.0,3.0,5.0,4.67,8.0,6.0,6.0,6.0,5.0,6.0,6.17,6.0,6.0,6.0,6.0,6.0,6.0,6.00,5.0,5.0,5.0,5.0,5.0,5.0,5.00,2.0,3.0,3.0,3.0,3.0,6.0,3.33,10.0,10.0,10.0,10.0,10.0,9.0,9.83
31,3-5year,Male,20-29,undergraduate,inventory,3-5 times per day,Kingdee,iPhone,User owned,5.0,4.0,4.0,5.0,5.0,4.6,5.0,4.0,3.0,4.0,3.0,4.0,3.83,6.0,6.0,6.0,6.0,3.0,6.0,5.50,4.0,2.0,2.0,3.0,2.0,2.0,2.50,5.0,6.0,5.0,7.0,6.0,6.0,5.83,4.0,4.0,4.0,4.0,4.0,4.0,4.00,2.0,1.0,1.0,0.0,0.0,3.0,1.17
249,1-2year,Female,less than 20,undergraduate,Finance,1-2 times per day,Yonyou,Huawei phone,User owned,4.0,4.0,4.0,6.0,4.0,4.4,8.0,5.0,9.0,4.0,7.0,2.0,5.83,7.0,6.0,5.0,4.0,4.0,4.0,5.00,4.0,3.0,3.0,4.0,4.0,3.0,3.50,4.0,4.0,5.0,5.0,5.0,5.0,4.67,3.0,4.0,4.0,4.0,4.0,2.0,3.50,3.0,3.0,3.0,3.0,3.0,2.0,2.83
50,1-2year,Female,30-39,master degree,Human Resource,3-5 times per day,NERP,iPhone,User owned,6.0,3.0,5.0,6.0,2.0,4.4,4.0,5.0,6.0,6.0,6.0,6.0,5.50,6.0,6.0,6.0,6.0,4.0,5.0,5.50,6.0,6.0,6.0,6.0,6.0,6.0,6.00,4.0,4.0,4.0,4.0,5.0,5.0,4.33,7.0,7.0,7.0,8.0,4.0,6.0,6.50,4.0,6.0,6.0,5.0,6.0,8.0,5.83
65,less than 1 year,Female,less than 20,undergraduate,accounting,1-2 times per day,Yonyou,iPhone,User owned,6.0,3.0,3.0,6.0,4.0,4.4,5.0,6.0,1.0,6.0,6.0,6.0,5.00,5.0,5.0,5.0,5.0,6.0,5.0,5.17,5.0,4.0,4.0,4.0,4.0,3.0,4.00,3.0,2.0,2.0,2.0,2.0,2.0,2.17,5.0,4.0,4.0,4.0,3.0,3.0,3.83,6.0,6.0,6.0,6.0,6.0,6.0,6.00
169,6-10year,Female,30-39,undergraduate,Procurement,1-2 times per day,Yonyou,Huawei phone,User owned,5.0,6.0,2.0,5.0,4.0,4.4,10.0,7.0,5.0,6.0,6.0,6.0,6.67,5.0,5.0,5.0,5.0,5.0,5.0,5.00,2.0,1.0,4.0,4.0,3.0,3.0,2.83,1.0,2.0,2.0,3.0,3.0,3.0,2.33,4.0,4.0,6.0,4.0,3.0,3.0,4.00,8.0,8.0,8.0,7.0,7.0,8.0,7.67
202,3-5year,Female,20-29,college,accounting,3-5 times per day,Kingdee,Huawei phone,User owned,4.0,5.0,3.0,5.0,5.0,4.4,4.0,4.0,5.0,5.0,5.0,5.0,4.67,2.0,3.0,4.0,4.0,4.0,4.0,3.50,4.0,5.0,5.0,6.0,5.0,5.0,5.00,5.0,5.0,5.0,5.0,5.0,5.0,5.00,6.0,5.0,5.0,7.0,6.0,4.0,5.50,4.0,3.0,2.0,3.0,3.0,3.0,3.00
177,3-5year,Female,less than 20,undergraduate,accounting,1-2 times per day,Superdata software,iPhone,User owned,2.0,2.0,4.0,8.0,6.0,4.4,3.0,4.0,3.0,4.0,5.0,3.0,3.67,3.0,4.0,4.0,5.0,7.0,4.0,4.50,6.0,4.0,4.0,5.0,4.0,4.0,4.50,3.0,4.0,4.0,4.0,3.0,4.0,3.67,4.0,3.0,0.0,0.0,6.0,2.0,2.50,5.0,5.0,5.0,4.0,4.0,2.0,4.17
209,3-5year,Female,20-29,college,accounting,3-5 times per day,Kingdee,Huawei phone,User owned,4.0,4.0,4.0,6.0,4.0,4.4,5.0,5.0,5.0,5.0,4.0,5.0,4.83,5.0,5.0,5.0,5.0,7.0,5.0,5.33,8.0,6.0,6.0,6.0,6.0,6.0,6.33,8.0,4.0,4.0,4.0,3.0,4.0,4.50,4.0,4.0,4.0,3.0,3.0,3.0,3.50,4.0,8.0,5.0,6.0,5.0,6.0,5.67
235,1-2year,Female,30-39,Phd degree,Human Resource,3-5 times per day,Kingdee,Ipad,User owned,4.0,4.0,5.0,4.0,5.0,4.4,2.0,3.0,4.0,4.0,4.0,3.0,3.33,5.0,5.0,5.0,6.0,5.0,6.0,5.33,1.0,1.0,2.0,5.0,3.0,2.0,2.33,5.0,6.0,5.0,5.0,5.0,3.0,4.83,5.0,5.0,5.0,6.0,5.0,5.0,5.17,7.0,7.0,7.0,7.0,7.0,6.0,6.83
215,6-10year,Male,20-29,college,accounting,1-2 times per day,NERP,Huawei tablet,User owned,5.0,2.0,5.0,5.0,5.0,4.4,6.0,5.0,4.0,5.0,4.0,5.0,4.83,3.0,4.0,4.0,4.0,5.0,4.0,4.00,4.0,5.0,5.0,5.0,5.0,5.0,4.83,4.0,4.0,4.0,4.0,3.0,4.0,3.83,5.0,4.0,4.0,6.0,4.0,4.0,4.50,5.0,5.0,3.0,3.0,6.0,6.0,4.67
227,less than 1 year,Female,20-29,undergraduate,Budget,6-10 times per day,Kingdee,iPhone,User owned,5.0,4.0,4.0,5.0,4.0,4.4,4.0,4.0,3.0,4.0,4.0,4.0,3.83,6.0,6.0,6.0,6.0,5.0,6.0,5.83,6.0,5.0,6.0,6.0,6.0,6.0,5.83,7.0,7.0,5.0,5.0,5.0,5.0,5.67,6.0,5.0,5.0,6.0,5.0,6.0,5.50,5.0,6.0,3.0,7.0,7.0,7.0,5.83
124,3-5year,Female,20-29,high school,Human Resource,3-5 times per day,Kingdee,iPhone,User owned,5.0,4.0,4.0,5.0,4.0,4.4,4.0,4.0,3.0,4.0,4.0,4.0,3.83,6.0,6.0,6.0,6.0,6.0,6.0,6.00,5.0,4.0,4.0,5.0,4.0,4.0,4.33,8.0,4.0,3.0,3.0,3.0,3.0,4.00,2.0,3.0,3.0,3.0,3.0,3.0,2.83,4.0,4.0,8.0,9.0,9.0,7.0,6.83
319,1-2year,Female,less than 20,high school,Procurement,3-5 times per day,Kingdee,iPhone,User owned,4.0,4.0,4.0,5.0,5.0,4.4,5.0,4.0,1.0,4.0,3.0,4.0,3.50,5.0,5.0,5.0,5.0,6.0,5.0,5.17,7.0,7.0,8.0,7.0,7.0,7.0,7.17,3.0,3.0,3.0,3.0,3.0,7.0,3.67,5.0,5.0,5.0,6.0,5.0,6.0,5.33,8.0,8.0,7.0,7.0,7.0,7.0,7.33
204,1-2year,Female,less than 20,undergraduate,Procurement,1-2 times per day,Yonyou,iPhone,User owned,5.0,3.0,6.0,4.0,4.0,4.4,4.0,4.0,3.0,6.0,2.0,4.0,3.83,4.0,4.0,5.0,5.0,5.0,4.0,4.50,5.0,5.0,5.0,4.0,4.0,4.0,4.50,7.0,5.0,6.0,5.0,6.0,5.0,5.67,4.0,4.0,4.0,3.0,3.0,3.0,3.50,4.0,4.0,6.0,4.0,6.0,5.0,4.83
212,3-5year,Male,30-39,high school,accounting,1-2 times per day,NERP,iPhone,User owned,3.0,3.0,6.0,6.0,4.0,4.4,6.0,6.0,6.0,5.0,1.0,7.0,5.17,4.0,4.0,4.0,4.0,4.0,4.0,4.00,6.0,7.0,6.0,7.0,7.0,7.0,6.67,7.0,7.0,6.0,7.0,8.0,8.0,7.17,3.0,4.0,4.0,5.0,4.0,5.0,4.17,3.0,3.0,6.0,6.0,5.0,4.0,4.50
280,less than 1 year,Female,20-29,high school,Budget,1-2 times per day,Yonyou,iPhone,User owned,4.0,4.0,4.0,5.0,4.0,4.2,4.0,5.0,4.0,5.0,6.0,4.0,4.67,5.0,5.0,6.0,6.0,3.0,7.0,5.33,4.0,4.0,4.0,5.0,4.0,4.0,4.17,5.0,5.0,5.0,5.0,5.0,5.0,5.00,4.0,4.0,4.0,4.0,4.0,4.0,4.00,8.0,8.0,7.0,8.0,5.0,4.0,6.67
64,1-2year,Female,30-39,college,Procurement,More than 10 times per day,Yonyou,iPhone,User owned,5.0,4.0,4.0,4.0,4.0,4.2,5.0,6.0,4.0,5.0,6.0,4.0,5.00,6.0,6.0,5.0,4.0,6.0,5.0,5.33,5.0,5.0,5.0,5.0,5.0,5.0,5.00,3.0,4.0,4.0,4.0,4.0,4.0,3.83,3.0,3.0,3.0,5.0,4.0,4.0,3.67,6.0,6.0,6.0,6.0,6.0,6.0,6.00
156,more than 10 year,Female,less than 20,undergraduate,Finance,1-2 times per day,Yonyou,Huawei phone,User owned,3.0,4.0,4.0,6.0,4.0,4.2,5.0,5.0,5.0,5.0,5.0,5.0,5.00,8.0,8.0,6.0,6.0,6.0,6.0,6.67,4.0,4.0,4.0,5.0,5.0,5.0,4.50,6.0,6.0,6.0,6.0,6.0,3.0,5.50,4.0,4.0,5.0,6.0,5.0,5.0,4.83,4.0,4.0,4.0,7.0,7.0,7.0,5.50
256,less than 1 year,Female,less than 20,undergraduate,Human Resource,1-2 times per day,Inspur,iPhone,User owned,2.0,4.0,6.0,5.0,4.0,4.2,5.0,5.0,5.0,5.0,5.0,5.0,5.00,5.0,5.0,5.0,5.0,3.0,5.0,4.67,7.0,7.0,6.0,6.0,7.0,6.0,6.50,7.0,8.0,8.0,7.0,4.0,7.0,6.83,0.0,4.0,2.0,2.0,2.0,4.0,2.33,8.0,8.0,8.0,8.0,8.0,3.0,7.17
222,1-2year,Intersex,20-29,college,Budget,3-5 times per day,Kingdee,Huawei phone,User owned,5.0,4.0,4.0,5.0,3.0,4.2,5.0,5.0,3.0,4.0,5.0,3.0,4.17,5.0,5.0,5.0,6.0,5.0,6.0,5.33,8.0,8.0,6.0,6.0,7.0,7.0,7.00,7.0,6.0,7.0,6.0,7.0,6.0,6.50,6.0,6.0,6.0,5.0,5.0,5.0,5.50,2.0,3.0,6.0,6.0,3.0,3.0,3.83
313,less than 1 year,Female,30-39,undergraduate,inventory,More than 10 times per day,Yonyou,Huawei phone,User owned,4.0,3.0,6.0,5.0,3.0,4.2,4.0,4.0,3.0,4.0,5.0,3.0,3.83,5.0,5.0,5.0,5.0,4.0,5.0,4.83,7.0,6.0,7.0,7.0,7.0,7.0,6.83,4.0,5.0,5.0,5.0,4.0,3.0,4.33,6.0,5.0,5.0,4.0,4.0,4.0,4.67,6.0,7.0,7.0,7.0,5.0,6.0,6.33
251,1-2year,Female,30-39,high school,Human Resource,3-5 times per day,Kingdee,iPhone,User owned,4.0,5.0,5.0,4.0,3.0,4.2,5.0,5.0,3.0,4.0,5.0,3.0,4.17,5.0,5.0,5.0,5.0,4.0,5.0,4.83,7.0,7.0,7.0,3.0,4.0,4.0,5.33,5.0,5.0,5.0,5.0,4.0,3.0,4.50,3.0,2.0,6.0,3.0,3.0,2.0,3.17,5.0,3.0,3.0,5.0,6.0,3.0,4.17
277,1-2year,Male,more than 50,undergraduate,Procurement,3-5 times per day,Kingdee,Huawei phone,User owned,3.0,6.0,4.0,4.0,4.0,4.2,5.0,5.0,5.0,5.0,4.0,5.0,4.83,3.0,4.0,4.0,4.0,3.0,4.0,3.67,4.0,4.0,4.0,5.0,5.0,5.0,4.50,6.0,5.0,6.0,6.0,6.0,6.0,5.83,5.0,4.0,4.0,4.0,4.0,2.0,3.83,3.0,4.0,4.0,3.0,3.0,2.0,3.17
284,more than 10 year,Female,less than 20,master degree,Finance,6-10 times per day,Kingdee,iPhone,User owned,4.0,5.0,2.0,6.0,4.0,4.2,4.0,4.0,5.0,0.0,4.0,5.0,3.67,6.0,6.0,6.0,6.0,7.0,6.0,6.17,5.0,5.0,5.0,6.0,6.0,6.0,5.50,4.0,4.0,3.0,4.0,4.0,4.0,3.83,5.0,4.0,6.0,6.0,2.0,4.0,4.50,7.0,7.0,7.0,7.0,8.0,8.0,7.33
228,3-5year,Female,20-29,undergraduate,accounting,1-2 times per day,Yonyou,iPhone,User owned,3.0,4.0,4.0,6.0,4.0,4.2,4.0,3.0,4.0,4.0,4.0,4.0,3.83,5.0,5.0,5.0,5.0,6.0,6.0,5.33,6.0,5.0,6.0,6.0,6.0,6.0,5.83,3.0,3.0,4.0,4.0,4.0,4.0,3.67,3.0,3.0,2.0,4.0,3.0,2.0,2.83,4.0,4.0,4.0,3.0,3.0,3.0,3.50
62,1-2year,Female,less than 20,master degree,Budget,3-5 times per day,Kingdee,Huawei phone,User owned,5.0,4.0,5.0,4.0,3.0,4.2,3.0,4.0,3.0,6.0,4.0,3.0,3.83,4.0,4.0,3.0,4.0,3.0,7.0,4.17,3.0,4.0,4.0,4.0,4.0,4.0,3.83,5.0,6.0,6.0,6.0,7.0,4.0,5.67,5.0,4.0,4.0,6.0,5.0,4.0,4.67,5.0,5.0,3.0,2.0,5.0,3.0,3.83
247,1-2year,Female,20-29,master degree,inventory,1-2 times per day,NEWGRAND Software,Huawei phone,User owned,4.0,5.0,5.0,3.0,4.0,4.2,4.0,4.0,3.0,4.0,4.0,4.0,3.83,7.0,7.0,2.0,7.0,7.0,7.0,6.17,6.0,5.0,6.0,5.0,5.0,5.0,5.33,6.0,6.0,6.0,4.0,5.0,6.0,5.50,5.0,4.0,4.0,4.0,4.0,4.0,4.17,2.0,2.0,1.0,0.0,0.0,0.0,0.83
143,3-5year,Female,40-49,college,Budget,1-2 times per day,Yonyou,iPhone,User owned,4.0,4.0,3.0,6.0,4.0,4.2,3.0,3.0,4.0,6.0,3.0,4.0,3.83,5.0,5.0,5.0,4.0,5.0,4.0,4.67,5.0,5.0,5.0,6.0,6.0,6.0,5.50,6.0,7.0,4.0,7.0,7.0,8.0,6.50,5.0,5.0,5.0,5.0,5.0,5.0,5.00,3.0,3.0,4.0,5.0,5.0,2.0,3.67
27,less than 1 year,Female,20-29,undergraduate,Human Resource,3-5 times per day,NERP,iPhone,User owned,5.0,4.0,3.0,5.0,4.0,4.2,5.0,4.0,3.0,4.0,3.0,4.0,3.83,6.0,6.0,6.0,6.0,10.0,6.0,6.67,4.0,4.0,4.0,4.0,4.0,4.0,4.00,3.0,3.0,3.0,4.0,4.0,4.0,3.50,5.0,4.0,4.0,4.0,3.0,3.0,3.83,2.0,5.0,6.0,6.0,5.0,4.0,4.67
17,less than 1 year,Female,20-29,undergraduate,Procurement,3-5 times per day,NERP,iPhone,User owned,5.0,4.0,3.0,5.0,4.0,4.2,5.0,4.0,3.0,4.0,3.0,4.0,3.83,6.0,7.0,6.0,6.0,9.0,6.0,6.67,4.0,3.0,3.0,4.0,4.0,3.0,3.50,3.0,3.0,3.0,3.0,3.0,4.0,3.17,3.0,3.0,6.0,4.0,3.0,3.0,3.67,7.0,5.0,6.0,6.0,5.0,4.0,5.50
304,3-5year,Intersex,30-39,undergraduate,Human Resource,3-5 times per day,Kingdee,Ipad,User owned,3.0,5.0,3.0,6.0,4.0,4.2,3.0,3.0,2.0,4.0,3.0,4.0,3.17,3.0,4.0,4.0,4.0,3.0,3.0,3.50,6.0,6.0,6.0,6.0,6.0,6.0,6.00,5.0,4.0,3.0,3.0,3.0,3.0,3.50,2.0,3.0,3.0,3.0,3.0,3.0,2.83,5.0,3.0,3.0,3.0,3.0,2.0,3.17
206,3-5year,Female,20-29,high school,Procurement,3-5 times per day,Kingdee,iPhone,User owned,5.0,4.0,3.0,5.0,3.0,4.0,2.0,5.0,7.0,0.0,7.0,6.0,4.50,5.0,5.0,5.0,5.0,3.0,5.0,4.67,5.0,5.0,5.0,5.0,5.0,5.0,5.00,7.0,7.0,6.0,7.0,8.0,7.0,7.00,8.0,8.0,5.0,7.0,6.0,6.0,6.67,6.0,5.0,5.0,4.0,2.0,2.0,4.00
211,3-5year,Female,20-29,undergraduate,accounting,3-5 times per day,NERP,Huawei phone,User owned,3.0,4.0,4.0,5.0,4.0,4.0,4.0,5.0,4.0,5.0,6.0,4.0,4.67,4.0,5.0,5.0,5.0,5.0,5.0,4.83,4.0,4.0,4.0,4.0,4.0,4.0,4.00,4.0,4.0,5.0,5.0,4.0,4.0,4.33,5.0,5.0,5.0,5.0,5.0,5.0,5.00,6.0,6.0,5.0,7.0,5.0,6.0,5.83
257,less than 1 year,Female,less than 20,college,Finance,3-5 times per day,Kingdee,iPhone,User owned,4.0,4.0,3.0,4.0,5.0,4.0,4.0,4.0,7.0,4.0,5.0,7.0,5.17,5.0,5.0,5.0,5.0,6.0,5.0,5.17,5.0,4.0,4.0,5.0,4.0,4.0,4.33,6.0,6.0,5.0,5.0,5.0,6.0,5.50,6.0,6.0,4.0,7.0,4.0,4.0,5.17,2.0,2.0,3.0,3.0,2.0,3.0,2.50
272,1-2year,Female,20-29,college,Budget,3-5 times per day,Kingdee,iPhone,User owned,4.0,4.0,4.0,4.0,4.0,4.0,4.0,4.0,5.0,5.0,5.0,5.0,4.67,6.0,7.0,5.0,5.0,6.0,6.0,5.83,4.0,3.0,3.0,4.0,4.0,4.0,3.67,4.0,4.0,3.0,6.0,4.0,6.0,4.50,5.0,5.0,6.0,5.0,6.0,6.0,5.50,3.0,4.0,4.0,3.0,2.0,3.0,3.17
121,3-5year,Female,30-39,undergraduate,Human Resource,More than 10 times per day,Kingdee,Samsung phone,Company owned,4.0,4.0,4.0,4.0,4.0,4.0,4.0,4.0,5.0,3.0,4.0,5.0,4.17,4.0,4.0,4.0,5.0,4.0,4.0,4.17,8.0,8.0,5.0,6.0,7.0,6.0,6.67,5.0,4.0,7.0,4.0,7.0,7.0,5.67,5.0,4.0,4.0,6.0,5.0,4.0,4.67,2.0,2.0,1.0,1.0,1.0,0.0,1.17
97,3-5year,Female,30-39,high school,Budget,3-5 times per day,NERP,Huawei phone,User owned,3.0,4.0,3.0,7.0,3.0,4.0,4.0,4.0,5.0,3.0,4.0,5.0,4.17,8.0,8.0,4.0,7.0,7.0,7.0,6.83,5.0,4.0,4.0,4.0,4.0,3.0,4.00,2.0,4.0,3.0,3.0,3.0,3.0,3.00,4.0,5.0,5.0,5.0,4.0,5.0,4.67,6.0,6.0,8.0,7.0,5.0,6.0,6.33
330,1-2year,Female,less than 20,undergraduate,Human Resource,1-2 times per day,Master service,iPhone,User owned,4.0,4.0,3.0,5.0,4.0,4.0,5.0,5.0,5.0,5.0,4.0,5.0,4.83,5.0,5.0,5.0,4.0,4.0,4.0,4.50,5.0,5.0,5.0,6.0,6.0,6.0,5.50,6.0,4.0,4.0,5.0,5.0,5.0,4.83,5.0,5.0,5.0,5.0,4.0,5.0,4.83,4.0,4.0,6.0,5.0,4.0,5.0,4.67
213,less than 1 year,Female,20-29,undergraduate,Procurement,1-2 times per day,NERP,iPhone,User owned,4.0,4.0,4.0,4.0,4.0,4.0,5.0,5.0,5.0,5.0,4.0,5.0,4.83,4.0,4.0,4.0,4.0,4.0,4.0,4.00,4.0,2.0,2.0,3.0,2.0,2.0,2.50,5.0,6.0,4.0,4.0,4.0,4.0,4.50,5.0,3.0,1.0,4.0,3.0,2.0,3.00,8.0,8.0,7.0,5.0,4.0,4.0,6.00
197,3-5year,Female,20-29,college,accounting,1-2 times per day,IMcloud,Huawei phone,User owned,2.0,4.0,4.0,4.0,6.0,4.0,4.0,2.0,4.0,3.0,4.0,5.0,3.67,2.0,3.0,3.0,7.0,3.0,2.0,3.33,5.0,5.0,5.0,5.0,5.0,5.0,5.00,3.0,2.0,4.0,2.0,2.0,4.0,2.83,4.0,4.0,3.0,4.0,4.0,3.0,3.67,7.0,7.0,5.0,4.0,4.0,4.0,5.17
318,3-5year,Female,less than 20,college,accounting,1-2 times per day,Yonyou,iPhone,User owned,4.0,2.0,4.0,5.0,5.0,4.0,4.0,4.0,3.0,4.0,3.0,5.0,3.83,4.0,4.0,4.0,5.0,7.0,5.0,4.83,3.0,4.0,4.0,6.0,5.0,5.0,4.50,6.0,4.0,3.0,6.0,6.0,6.0,5.17,4.0,2.0,3.0,3.0,3.0,4.0,3.17,7.0,7.0,5.0,6.0,6.0,6.0,6.17
269,3-5year,Female,20-29,college,Human Resource,6-10 times per day,Kingdee,iPhone,User owned,5.0,2.0,4.0,6.0,3.0,4.0,5.0,4.0,3.0,6.0,2.0,4.0,4.00,4.0,5.0,7.0,6.0,6.0,7.0,5.83,6.0,6.0,6.0,6.0,6.0,6.0,6.00,5.0,4.0,5.0,5.0,5.0,5.0,4.83,4.0,6.0,6.0,7.0,6.0,7.0,6.00,9.0,10.0,9.0,8.0,8.0,10.0,9.00
208,less than 1 year,Female,30-39,undergraduate,Procurement,3-5 times per day,NERP,iPhone,User owned,4.0,2.0,4.0,6.0,3.0,3.8,6.0,7.0,5.0,8.0,7.0,6.0,6.50,6.0,6.0,6.0,5.0,6.0,6.0,5.83,5.0,5.0,5.0,6.0,5.0,6.0,5.33,10.0,5.0,5.0,4.0,3.0,4.0,5.17,3.0,3.0,3.0,3.0,3.0,3.0,3.00,4.0,6.0,6.0,6.0,8.0,8.0,6.33
315,1-2year,Female,20-29,undergraduate,Procurement,3-5 times per day,NERP,Huawei phone,User owned,4.0,4.0,2.0,5.0,4.0,3.8,4.0,5.0,2.0,6.0,6.0,6.0,4.83,4.0,4.0,4.0,5.0,4.0,4.0,4.17,7.0,7.0,7.0,8.0,8.0,8.0,7.50,6.0,6.0,4.0,6.0,5.0,6.0,5.50,7.0,6.0,6.0,6.0,6.0,6.0,6.17,4.0,6.0,5.0,9.0,5.0,6.0,5.83
293,1-2year,Female,less than 20,college,Finance,6-10 times per day,NERP,Huawei phone,User owned,5.0,5.0,3.0,3.0,3.0,3.8,6.0,6.0,6.0,5.0,6.0,6.0,5.83,5.0,5.0,5.0,5.0,5.0,5.0,5.00,4.0,2.0,2.0,3.0,2.0,2.0,2.50,7.0,8.0,6.0,6.0,7.0,7.0,6.83,4.0,4.0,5.0,5.0,4.0,5.0,4.50,2.0,2.0,8.0,5.0,3.0,2.0,3.67
334,1-2year,Male,less than 20,college,accounting,1-2 times per day,IMcloud,iPhone,User owned,4.0,3.0,4.0,4.0,4.0,3.8,3.0,3.0,4.0,2.0,4.0,3.0,3.17,0.0,2.0,5.0,3.0,4.0,2.0,2.67,5.0,4.0,4.0,5.0,4.0,4.0,4.33,3.0,3.0,3.0,3.0,3.0,3.0,3.00,4.0,3.0,3.0,4.0,4.0,5.0,3.83,6.0,8.0,8.0,8.0,8.0,7.0,7.50
63,more than 10 year,Intersex,20-29,college,Procurement,1-2 times per day,Yonyou,iPhone,User owned,3.0,5.0,3.0,4.0,4.0,3.8,2.0,3.0,4.0,3.0,4.0,3.0,3.17,7.0,7.0,2.0,5.0,5.0,7.0,5.50,3.0,3.0,3.0,4.0,4.0,7.0,4.00,3.0,3.0,4.0,4.0,3.0,4.0,3.50,2.0,1.0,2.0,2.0,2.0,2.0,1.83,3.0,3.0,3.0,5.0,3.0,2.0,3.17
71,less than 1 year,Female,20-29,college,Human Resource,More than 10 times per day,Kingdee,iPhone,User owned,3.0,4.0,3.0,5.0,4.0,3.8,4.0,4.0,3.0,4.0,4.0,4.0,3.83,6.0,6.0,6.0,6.0,6.0,7.0,6.17,5.0,5.0,7.0,7.0,7.0,7.0,6.33,5.0,4.0,4.0,5.0,5.0,5.0,4.67,6.0,5.0,5.0,6.0,5.0,6.0,5.50,10.0,10.0,5.0,6.0,8.0,9.0,8.00
47,3-5year,Male,20-29,undergraduate,accounting,3-5 times per day,Yonyou,Huawei phone,User owned,4.0,3.0,6.0,3.0,3.0,3.8,3.0,3.0,2.0,4.0,3.0,5.0,3.33,3.0,3.0,4.0,3.0,6.0,3.0,3.67,3.0,4.0,4.0,5.0,4.0,4.0,4.00,4.0,4.0,5.0,4.0,4.0,6.0,4.50,9.0,9.0,9.0,9.0,4.0,6.0,7.67,6.0,3.0,6.0,6.0,5.0,8.0,5.67
248,3-5year,Female,less than 20,master degree,Human Resource,1-2 times per day,IMcloud,iPhone,User owned,5.0,4.0,4.0,3.0,3.0,3.8,3.0,3.0,1.0,4.0,3.0,2.0,2.67,4.0,4.0,4.0,5.0,2.0,4.0,3.83,4.0,2.0,2.0,3.0,3.0,3.0,2.83,2.0,3.0,4.0,4.0,4.0,4.0,3.50,2.0,3.0,3.0,3.0,3.0,3.0,2.83,2.0,2.0,1.0,1.0,5.0,3.0,2.33
14,1-2year,Female,20-29,master degree,accounting,3-5 times per day,Inspur,iPhone,Company owned,10.0,4.0,1.0,1.0,2.0,3.6,6.0,6.0,4.0,5.0,6.0,1.0,4.67,5.0,7.0,7.0,7.0,8.0,8.0,7.00,7.0,7.0,8.0,8.0,9.0,8.0,7.83,9.0,9.0,10.0,10.0,10.0,10.0,9.67,8.0,8.0,8.0,8.0,9.0,8.0,8.17,6.0,6.0,9.0,7.0,7.0,9.0,7.33
239,3-5year,Female,20-29,high school,Procurement,3-5 times per day,Kingdee,iPhone,User owned,4.0,4.0,4.0,3.0,3.0,3.6,5.0,6.0,4.0,5.0,6.0,4.0,5.00,4.0,5.0,5.0,5.0,5.0,5.0,4.83,8.0,6.0,6.0,6.0,6.0,6.0,6.33,5.0,6.0,6.0,6.0,6.0,6.0,5.83,5.0,5.0,4.0,5.0,4.0,5.0,4.67,7.0,7.0,7.0,8.0,7.0,5.0,6.83
217,3-5year,Female,30-39,undergraduate,accounting,6-10 times per day,NERP,Huawei phone,User owned,4.0,4.0,3.0,4.0,3.0,3.6,6.0,5.0,4.0,5.0,4.0,7.0,5.17,3.0,5.0,4.0,3.0,7.0,3.0,4.17,6.0,5.0,6.0,6.0,6.0,6.0,5.83,7.0,7.0,7.0,8.0,9.0,9.0,7.83,4.0,6.0,6.0,6.0,6.0,6.0,5.67,4.0,4.0,4.0,9.0,5.0,5.0,5.17
137,3-5year,Female,30-39,undergraduate,Budget,6-10 times per day,Kingdee,Huawei phone,User owned,3.0,4.0,3.0,5.0,3.0,3.6,1.0,1.0,4.0,3.0,4.0,3.0,2.67,5.0,5.0,5.0,5.0,4.0,5.0,4.83,7.0,7.0,6.0,6.0,7.0,6.0,6.50,4.0,6.0,4.0,4.0,4.0,4.0,4.33,3.0,4.0,4.0,5.0,4.0,5.0,4.17,3.0,3.0,2.0,3.0,5.0,5.0,3.50
173,less than 1 year,Female,20-29,undergraduate,Budget,3-5 times per day,Kingdee,iPhone,User owned,2.0,4.0,4.0,4.0,4.0,3.6,2.0,3.0,4.0,4.0,4.0,3.0,3.33,5.0,3.0,4.0,3.0,4.0,3.0,3.67,1.0,1.0,2.0,3.0,2.0,5.0,2.33,6.0,6.0,5.0,5.0,4.0,4.0,5.00,3.0,2.0,2.0,3.0,3.0,3.0,2.67,3.0,2.0,1.0,1.0,1.0,0.0,1.33
286,3-5year,Female,less than 20,master degree,Procurement,1-2 times per day,Kingdee,iPhone,User owned,3.0,4.0,3.0,4.0,4.0,3.6,3.0,3.0,4.0,4.0,4.0,3.0,3.50,2.0,3.0,3.0,2.0,3.0,3.0,2.67,5.0,5.0,5.0,6.0,6.0,6.0,5.50,2.0,2.0,2.0,2.0,2.0,2.0,2.00,3.0,3.0,3.0,3.0,3.0,3.0,3.00,3.0,2.0,2.0,3.0,3.0,5.0,3.00
234,less than 1 year,Female,less than 20,undergraduate,Budget,1-2 times per day,NEWGRAND Software,iPhone,User owned,3.0,2.0,3.0,5.0,5.0,3.6,4.0,4.0,3.0,6.0,4.0,3.0,4.00,5.0,5.0,5.0,4.0,4.0,4.0,4.50,5.0,5.0,5.0,6.0,6.0,6.0,5.50,5.0,4.0,3.0,4.0,4.0,4.0,4.00,3.0,3.0,3.0,3.0,6.0,4.0,3.67,4.0,4.0,4.0,4.0,3.0,3.0,3.67
189,6-10year,Male,less than 20,master degree,Finance,3-5 times per day,Yonyou,Huawei phone,User owned,4.0,3.0,5.0,2.0,4.0,3.6,6.0,6.0,6.0,5.0,3.0,2.0,4.67,3.0,3.0,3.0,2.0,5.0,3.0,3.17,4.0,2.0,2.0,3.0,2.0,2.0,2.50,2.0,2.0,3.0,2.0,2.0,2.0,2.17,6.0,4.0,5.0,5.0,5.0,4.0,4.83,5.0,5.0,5.0,4.0,4.0,5.0,4.67
74,1-2year,Female,20-29,college,Procurement,1-2 times per day,Kingdee,Huawei phone,User owned,3.0,4.0,4.0,4.0,3.0,3.6,3.0,3.0,5.0,5.0,3.0,5.0,4.00,4.0,5.0,5.0,5.0,5.0,5.0,4.83,2.0,1.0,2.0,3.0,2.0,2.0,2.00,3.0,3.0,4.0,4.0,4.0,4.0,3.67,5.0,3.0,1.0,4.0,2.0,4.0,3.17,7.0,7.0,7.0,7.0,7.0,7.0,7.00
168,6-10year,Female,30-39,undergraduate,Human Resource,1-2 times per day,Yonyou,iPhone,User owned,3.0,2.0,4.0,5.0,4.0,3.6,4.0,4.0,3.0,4.0,3.0,4.0,3.67,4.0,3.0,4.0,4.0,3.0,3.0,3.50,7.0,6.0,6.0,6.0,6.0,6.0,6.17,6.0,6.0,6.0,6.0,6.0,6.0,6.00,6.0,6.0,6.0,5.0,6.0,6.0,5.83,5.0,5.0,4.0,4.0,4.0,4.0,4.33
342,more than 10 year,Female,20-29,undergraduate,Finance,3-5 times per day,NERP,Huawei phone,User owned,3.0,6.0,3.0,2.0,4.0,3.6,4.0,4.0,3.0,4.0,3.0,5.0,3.83,4.0,3.0,4.0,4.0,2.0,3.0,3.33,3.0,3.0,3.0,4.0,3.0,3.0,3.17,4.0,4.0,5.0,4.0,5.0,5.0,4.50,6.0,5.0,5.0,5.0,5.0,5.0,5.17,7.0,8.0,5.0,6.0,6.0,5.0,6.17
191,1-2year,Male,30-39,college,inventory,1-2 times per day,Master service,iPhone,User owned,4.0,3.0,4.0,3.0,4.0,3.6,4.0,4.0,3.0,4.0,3.0,4.0,3.67,2.0,0.0,2.0,2.0,2.0,2.0,1.67,6.0,6.0,6.0,5.0,5.0,5.0,5.50,6.0,5.0,5.0,6.0,5.0,5.0,5.33,5.0,5.0,6.0,5.0,5.0,5.0,5.17,3.0,3.0,2.0,3.0,2.0,2.0,2.50
42,less than 1 year,Female,less than 20,master degree,Finance,1-2 times per day,Inspur,iPhone,User owned,2.0,3.0,6.0,4.0,3.0,3.6,4.0,4.0,3.0,6.0,3.0,4.0,4.00,5.0,3.0,4.0,3.0,4.0,3.0,3.67,4.0,2.0,4.0,4.0,4.0,2.0,3.33,2.0,2.0,5.0,4.0,4.0,3.0,3.33,2.0,1.0,0.0,0.0,2.0,1.0,1.00,3.0,3.0,2.0,3.0,2.0,3.0,2.67
165,less than 1 year,Female,20-29,college,accounting,3-5 times per day,Kingdee,iPhone,User owned,4.0,4.0,3.0,3.0,4.0,3.6,5.0,4.0,3.0,6.0,2.0,4.0,4.00,3.0,3.0,4.0,3.0,4.0,3.0,3.33,6.0,6.0,6.0,5.0,5.0,5.0,5.50,3.0,3.0,3.0,3.0,3.0,3.0,3.00,6.0,4.0,2.0,3.0,2.0,3.0,3.33,6.0,5.0,6.0,6.0,5.0,6.0,5.67
203,1-2year,Intersex,30-39,undergraduate,Procurement,3-5 times per day,Kingdee,iPhone,User owned,4.0,3.0,5.0,3.0,2.0,3.4,6.0,6.0,6.0,6.0,6.0,6.0,6.00,5.0,5.0,5.0,4.0,4.0,4.0,4.50,3.0,4.0,4.0,6.0,5.0,5.0,4.50,7.0,7.0,7.0,8.0,7.0,7.0,7.17,5.0,5.0,5.0,5.0,4.0,5.0,4.83,4.0,4.0,4.0,5.0,8.0,5.0,5.00
295,1-2year,Female,30-39,undergraduate,Budget,6-10 times per day,Kingdee,Samsung phone,User owned,3.0,2.0,4.0,6.0,2.0,3.4,6.0,6.0,6.0,5.0,6.0,6.0,5.83,4.0,5.0,5.0,6.0,7.0,6.0,5.50,5.0,5.0,5.0,5.0,5.0,5.0,5.00,4.0,4.0,5.0,5.0,4.0,6.0,4.67,4.0,4.0,4.0,3.0,3.0,6.0,4.00,7.0,7.0,7.0,7.0,5.0,8.0,6.83
329,3-5year,Female,30-39,undergraduate,accounting,3-5 times per day,Kingdee,Ipad,User owned,4.0,3.0,3.0,4.0,3.0,3.4,6.0,6.0,4.0,7.0,5.0,5.0,5.50,4.0,4.0,4.0,5.0,5.0,4.0,4.33,4.0,4.0,4.0,5.0,4.0,4.0,4.17,5.0,6.0,4.0,3.0,3.0,3.0,4.00,5.0,4.0,4.0,5.0,4.0,4.0,4.33,6.0,6.0,7.0,5.0,2.0,5.0,5.17
46,1-2year,Female,20-29,college,Human Resource,6-10 times per day,Kingdee,Huawei phone,User owned,4.0,3.0,3.0,4.0,3.0,3.4,3.0,3.0,5.0,3.0,4.0,5.0,3.83,2.0,3.0,3.0,2.0,2.0,2.0,2.33,5.0,6.0,6.0,5.0,7.0,6.0,5.83,4.0,5.0,5.0,6.0,5.0,5.0,5.00,3.0,4.0,4.0,4.0,4.0,4.0,3.83,3.0,2.0,3.0,2.0,5.0,5.0,3.33
131,less than 1 year,Female,20-29,college,Budget,3-5 times per day,NERP,Huawei phone,User owned,4.0,3.0,3.0,4.0,3.0,3.4,3.0,3.0,4.0,1.0,4.0,3.0,3.00,2.0,3.0,3.0,2.0,3.0,3.0,2.67,4.0,4.0,4.0,5.0,4.0,5.0,4.33,4.0,4.0,3.0,3.0,3.0,6.0,3.83,5.0,4.0,4.0,4.0,4.0,4.0,4.17,10.0,3.0,2.0,9.0,3.0,2.0,4.83
214,less than 1 year,Female,20-29,undergraduate,Budget,1-2 times per day,Yonyou,iPhone,User owned,3.0,3.0,4.0,5.0,2.0,3.4,2.0,3.0,4.0,1.0,4.0,3.0,2.83,3.0,4.0,4.0,4.0,2.0,4.0,3.50,5.0,5.0,5.0,5.0,5.0,5.0,5.00,4.0,5.0,6.0,5.0,6.0,5.0,5.17,4.0,5.0,2.0,2.0,2.0,4.0,3.17,0.0,1.0,0.0,3.0,2.0,2.0,1.33
275,6-10year,Female,20-29,undergraduate,accounting,1-2 times per day,Yonyou,iPhone,User owned,3.0,4.0,4.0,3.0,3.0,3.4,3.0,4.0,3.0,6.0,4.0,3.0,3.83,3.0,3.0,3.0,2.0,2.0,3.0,2.67,4.0,3.0,3.0,3.0,3.0,3.0,3.17,7.0,5.0,7.0,6.0,7.0,6.0,6.33,3.0,2.0,2.0,2.0,2.0,2.0,2.17,1.0,1.0,0.0,0.0,0.0,0.0,0.33
174,1-2year,Female,20-29,college,Budget,1-2 times per day,Superdata software,Huawei phone,User owned,4.0,4.0,5.0,2.0,2.0,3.4,3.0,3.0,5.0,5.0,3.0,5.0,4.00,6.0,6.0,7.0,6.0,7.0,7.0,6.50,3.0,3.0,3.0,3.0,3.0,3.0,3.00,6.0,7.0,7.0,8.0,9.0,4.0,6.83,3.0,3.0,3.0,3.0,3.0,6.0,3.50,5.0,8.0,9.0,8.0,9.0,9.0,8.00
89,less than 1 year,Female,less than 20,undergraduate,accounting,1-2 times per day,Yonyou,iPhone,User owned,2.0,5.0,2.0,5.0,3.0,3.4,5.0,4.0,5.0,5.0,3.0,5.0,4.50,4.0,4.0,3.0,4.0,4.0,3.0,3.67,6.0,6.0,6.0,6.0,6.0,6.0,6.00,5.0,5.0,3.0,4.0,4.0,4.0,4.17,4.0,6.0,4.0,4.0,3.0,3.0,4.00,4.0,4.0,4.0,4.0,4.0,4.0,4.00
323,more than 10 year,Female,40-49,Phd degree,Budget,6-10 times per day,Kingdee,Huawei phone,Company owned,6.0,2.0,2.0,4.0,3.0,3.4,5.0,4.0,3.0,6.0,2.0,4.0,4.00,5.0,6.0,6.0,5.0,5.0,6.0,5.50,5.0,4.0,4.0,4.0,4.0,4.0,4.17,2.0,3.0,3.0,3.0,4.0,3.0,3.00,6.0,5.0,5.0,5.0,6.0,5.0,5.33,6.0,5.0,5.0,5.0,6.0,6.0,5.50
258,1-2year,Female,20-29,college,Budget,1-2 times per day,Yonyou,iPhone,User owned,5.0,2.0,1.0,5.0,3.0,3.2,6.0,6.0,6.0,5.0,6.0,6.0,5.83,2.0,6.0,4.0,3.0,4.0,2.0,3.50,6.0,6.0,7.0,7.0,6.0,7.0,6.50,3.0,2.0,2.0,2.0,4.0,4.0,2.83,4.0,3.0,6.0,6.0,4.0,4.0,4.50,0.0,3.0,3.0,3.0,3.0,3.0,2.50
25,1-2year,Female,less than 20,high school,Procurement,3-5 times per day,Kingdee,iPhone,User owned,4.0,3.0,3.0,3.0,3.0,3.2,6.0,6.0,6.0,6.0,6.0,6.0,6.00,4.0,5.0,5.0,5.0,6.0,6.0,5.17,6.0,6.0,6.0,5.0,5.0,5.0,5.50,3.0,3.0,4.0,4.0,4.0,4.0,3.67,5.0,4.0,4.0,4.0,4.0,4.0,4.17,5.0,6.0,3.0,5.0,6.0,5.0,5.00
58,1-2year,Female,20-29,college,Budget,3-5 times per day,Kingdee,Huawei phone,User owned,4.0,2.0,3.0,4.0,3.0,3.2,5.0,5.0,4.0,5.0,6.0,4.0,4.83,3.0,4.0,4.0,3.0,2.0,3.0,3.17,6.0,6.0,6.0,6.0,6.0,6.0,6.00,4.0,4.0,5.0,5.0,5.0,5.0,4.67,5.0,5.0,5.0,6.0,5.0,5.0,5.17,1.0,5.0,5.0,6.0,3.0,3.0,3.83
240,less than 1 year,Female,20-29,undergraduate,Procurement,3-5 times per day,Kingdee,iPhone,User owned,3.0,3.0,3.0,4.0,3.0,3.2,4.0,2.0,4.0,5.0,4.0,5.0,4.00,2.0,3.0,3.0,2.0,3.0,2.0,2.50,5.0,5.0,5.0,4.0,4.0,4.0,4.50,8.0,6.0,5.0,5.0,5.0,5.0,5.67,3.0,3.0,3.0,3.0,3.0,3.0,3.00,3.0,2.0,2.0,1.0,1.0,1.0,1.67
158,less than 1 year,Female,less than 20,high school,Budget,1-2 times per day,Superdata software,iPhone,User owned,2.0,3.0,4.0,5.0,2.0,3.2,4.0,4.0,3.0,6.0,4.0,3.0,4.00,3.0,3.0,4.0,3.0,7.0,3.0,3.83,5.0,2.0,2.0,4.0,3.0,4.0,3.33,2.0,5.0,4.0,2.0,3.0,2.0,3.00,3.0,3.0,3.0,3.0,3.0,3.0,3.00,7.0,7.0,5.0,4.0,4.0,4.0,5.17
26,1-2year,Female,20-29,college,Budget,3-5 times per day,Kingdee,Huawei phone,User owned,3.0,3.0,3.0,4.0,3.0,3.2,2.0,3.0,2.0,2.0,4.0,1.0,2.33,3.0,3.0,3.0,3.0,4.0,4.0,3.33,6.0,6.0,6.0,6.0,6.0,7.0,6.17,4.0,4.0,3.0,4.0,5.0,5.0,4.17,5.0,5.0,5.0,5.0,5.0,5.0,5.00,5.0,3.0,2.0,2.0,1.0,1.0,2.33
175,1-2year,Female,20-29,college,Budget,3-5 times per day,Kingdee,Huawei phone,User owned,3.0,3.0,3.0,4.0,3.0,3.2,2.0,1.0,2.0,2.0,2.0,2.0,1.83,6.0,6.0,6.0,6.0,5.0,6.0,5.83,5.0,5.0,4.0,5.0,4.0,4.0,4.50,3.0,3.0,4.0,4.0,4.0,4.0,3.67,5.0,5.0,5.0,6.0,5.0,6.0,5.33,7.0,7.0,7.0,7.0,7.0,7.0,7.00
194,more than 10 year,Female,20-29,high school,accounting,3-5 times per day,Kingdee,Huawei phone,User owned,3.0,4.0,2.0,3.0,3.0,3.0,5.0,6.0,6.0,6.0,6.0,6.0,5.83,2.0,3.0,3.0,2.0,2.0,2.0,2.33,5.0,5.0,5.0,5.0,5.0,5.0,5.00,5.0,6.0,6.0,6.0,6.0,7.0,6.00,4.0,5.0,5.0,5.0,4.0,4.0,4.50,2.0,3.0,2.0,3.0,2.0,2.0,2.33
309,3-5year,Female,30-39,master degree,accounting,1-2 times per day,Kingdee,iPhone,User owned,3.0,1.0,7.0,1.0,3.0,3.0,6.0,6.0,6.0,1.0,6.0,6.0,5.17,4.0,4.0,4.0,5.0,5.0,4.0,4.33,4.0,2.0,2.0,3.0,5.0,2.0,3.00,7.0,8.0,7.0,8.0,6.0,7.0,7.17,3.0,5.0,5.0,6.0,2.0,5.0,4.33,7.0,7.0,7.0,7.0,7.0,7.0,7.00
167,3-5year,Female,20-29,high school,accounting,3-5 times per day,NERP,Huawei phone,User owned,2.0,2.0,3.0,4.0,4.0,3.0,5.0,5.0,5.0,3.0,5.0,5.0,4.67,3.0,4.0,3.0,3.0,4.0,4.0,3.50,1.0,2.0,3.0,3.0,2.0,1.0,2.00,7.0,5.0,5.0,7.0,8.0,6.0,6.33,5.0,5.0,6.0,7.0,7.0,6.0,6.00,6.0,6.0,5.0,4.0,4.0,4.0,4.83
230,less than 1 year,Female,30-39,college,Human Resource,More than 10 times per day,Kingdee,iPhone,User owned,2.0,3.0,3.0,3.0,4.0,3.0,4.0,4.0,5.0,5.0,5.0,5.0,4.67,3.0,4.0,4.0,4.0,6.0,4.0,4.17,6.0,6.0,6.0,6.0,6.0,6.0,6.00,5.0,4.0,4.0,6.0,6.0,6.0,5.17,4.0,4.0,4.0,4.0,6.0,4.0,4.33,7.0,5.0,3.0,3.0,2.0,5.0,4.17
298,less than 1 year,Female,20-29,undergraduate,Procurement,1-2 times per day,Yonyou,iPhone,User owned,3.0,3.0,3.0,4.0,2.0,3.0,4.0,4.0,5.0,3.0,4.0,5.0,4.17,4.0,4.0,4.0,5.0,6.0,4.0,4.50,6.0,5.0,5.0,5.0,5.0,5.0,5.17,3.0,3.0,3.0,2.0,2.0,2.0,2.50,4.0,4.0,2.0,3.0,2.0,4.0,3.17,7.0,8.0,7.0,7.0,7.0,7.0,7.17
216,1-2year,Female,20-29,college,Human Resource,1-2 times per day,Yonyou,iPhone,User owned,1.0,3.0,3.0,4.0,4.0,3.0,5.0,5.0,3.0,6.0,4.0,3.0,4.33,4.0,4.0,4.0,5.0,4.0,6.0,4.50,4.0,4.0,4.0,4.0,4.0,4.0,4.00,4.0,4.0,3.0,3.0,3.0,3.0,3.33,4.0,3.0,3.0,6.0,4.0,2.0,3.67,5.0,4.0,4.0,4.0,4.0,4.0,4.17
196,3-5year,Female,20-29,undergraduate,Human Resource,3-5 times per day,Kingdee,Huawei phone,User owned,3.0,3.0,3.0,3.0,3.0,3.0,6.0,5.0,2.0,6.0,4.0,3.0,4.33,7.0,7.0,6.0,6.0,6.0,6.0,6.33,4.0,3.0,3.0,3.0,3.0,3.0,3.17,5.0,6.0,5.0,6.0,5.0,5.0,5.33,5.0,4.0,4.0,4.0,4.0,4.0,4.17,6.0,5.0,5.0,2.0,2.0,3.0,3.83
267,1-2year,Female,less than 20,undergraduate,Finance,1-2 times per day,Yonyou,iPhone,User owned,3.0,3.0,3.0,4.0,2.0,3.0,4.0,4.0,5.0,5.0,3.0,4.0,4.17,5.0,5.0,3.0,4.0,5.0,4.0,4.33,4.0,4.0,4.0,6.0,5.0,5.0,4.67,2.0,2.0,3.0,3.0,2.0,2.0,2.33,4.0,4.0,2.0,3.0,2.0,3.0,3.00,8.0,8.0,8.0,5.0,6.0,6.0,6.83
136,less than 1 year,Intersex,30-39,high school,Budget,3-5 times per day,Kingdee,Huawei phone,User owned,2.0,2.0,2.0,5.0,3.0,2.8,3.0,3.0,4.0,4.0,4.0,3.0,3.50,4.0,5.0,5.0,5.0,5.0,5.0,4.83,5.0,5.0,5.0,6.0,5.0,5.0,5.17,0.0,1.0,2.0,3.0,3.0,3.0,2.00,6.0,4.0,4.0,4.0,3.0,3.0,4.00,7.0,5.0,6.0,5.0,4.0,4.0,5.17
245,less than 1 year,Female,less than 20,high school,Finance,3-5 times per day,Kingdee,Huawei phone,User owned,2.0,4.0,1.0,4.0,3.0,2.8,1.0,1.0,4.0,1.0,4.0,3.0,2.33,2.0,3.0,2.0,1.0,2.0,3.0,2.17,5.0,6.0,6.0,6.0,7.0,6.0,6.00,2.0,2.0,3.0,2.0,2.0,2.0,2.17,4.0,3.0,3.0,3.0,3.0,2.0,3.00,3.0,3.0,4.0,3.0,3.0,3.0,3.17
35,3-5year,Female,20-29,high school,accounting,1-2 times per day,Master service,iPhone,User owned,4.0,3.0,2.0,3.0,2.0,2.8,3.0,3.0,5.0,5.0,3.0,5.0,4.00,2.0,3.0,3.0,3.0,2.0,2.0,2.50,6.0,5.0,5.0,5.0,5.0,5.0,5.17,1.0,2.0,2.0,2.0,2.0,3.0,2.00,2.0,3.0,1.0,1.0,2.0,3.0,2.00,2.0,2.0,1.0,2.0,2.0,2.0,1.83
312,3-5year,Female,40-49,undergraduate,accounting,6-10 times per day,Kingdee,iPhone,User owned,3.0,3.0,3.0,3.0,2.0,2.8,3.0,2.0,4.0,3.0,2.0,4.0,3.00,5.0,3.0,4.0,3.0,4.0,3.0,3.67,5.0,5.0,5.0,5.0,5.0,5.0,5.00,3.0,5.0,4.0,3.0,3.0,3.0,3.50,7.0,5.0,5.0,5.0,5.0,5.0,5.33,2.0,1.0,1.0,2.0,2.0,0.0,1.33
154,3-5year,Female,20-29,college,Budget,3-5 times per day,Kingdee,Huawei phone,User owned,4.0,4.0,2.0,2.0,2.0,2.8,5.0,4.0,3.0,6.0,2.0,4.0,4.00,3.0,4.0,4.0,4.0,5.0,4.0,4.00,4.0,4.0,4.0,4.0,4.0,4.0,4.00,4.0,5.0,4.0,4.0,4.0,4.0,4.17,5.0,4.0,4.0,4.0,4.0,4.0,4.17,2.0,2.0,1.0,3.0,3.0,2.0,2.17
200,less than 1 year,Female,20-29,undergraduate,accounting,1-2 times per day,NEWGRAND Software,iPhone,User owned,3.0,2.0,3.0,4.0,2.0,2.8,2.0,2.0,2.0,2.0,2.0,3.0,2.17,1.0,3.0,3.0,2.0,5.0,2.0,2.67,4.0,4.0,4.0,5.0,5.0,5.0,4.50,5.0,6.0,4.0,3.0,3.0,3.0,4.00,6.0,4.0,5.0,6.0,2.0,4.0,4.50,1.0,2.0,2.0,0.0,2.0,2.0,1.50
159,3-5year,Female,20-29,college,Budget,3-5 times per day,Kingdee,Huawei phone,User owned,3.0,2.0,3.0,3.0,3.0,2.8,0.0,0.0,2.0,2.0,2.0,2.0,1.33,1.0,0.0,2.0,2.0,5.0,2.0,2.00,3.0,3.0,4.0,4.0,3.0,3.0,3.33,6.0,6.0,6.0,6.0,6.0,6.0,6.00,4.0,3.0,1.0,1.0,2.0,1.0,2.00,0.0,0.0,0.0,0.0,0.0,0.0,0.00
268,1-2year,Female,20-29,college,accounting,3-5 times per day,Kingdee,Huawei phone,User owned,3.0,2.0,3.0,2.0,3.0,2.6,3.0,5.0,4.0,5.0,6.0,4.0,4.50,0.0,2.0,2.0,2.0,2.0,3.0,1.83,5.0,5.0,5.0,5.0,5.0,5.0,5.00,5.0,4.0,3.0,3.0,3.0,3.0,3.50,3.0,3.0,3.0,6.0,4.0,4.0,3.83,1.0,1.0,2.0,2.0,2.0,1.0,1.50
45,3-5year,Intersex,40-49,Phd degree,inventory,3-5 times per day,Yonyou,iPhone,User owned,2.0,3.0,3.0,2.0,3.0,2.6,4.0,4.0,3.0,4.0,3.0,4.0,3.67,3.0,4.0,3.0,4.0,4.0,3.0,3.50,7.0,3.0,2.0,2.0,2.0,2.0,3.00,3.0,3.0,3.0,2.0,2.0,2.0,2.50,4.0,4.0,3.0,3.0,3.0,3.0,3.33,0.0,1.0,1.0,2.0,1.0,2.0,1.17
328,1-2year,Female,30-39,undergraduate,Budget,3-5 times per day,Kingdee,Huawei phone,User owned,3.0,2.0,1.0,2.0,5.0,2.6,2.0,2.0,2.0,4.0,3.0,4.0,2.83,1.0,0.0,2.0,2.0,2.0,2.0,1.50,5.0,4.0,4.0,5.0,4.0,4.0,4.33,0.0,2.0,1.0,0.0,2.0,2.0,1.17,4.0,3.0,3.0,3.0,3.0,2.0,3.00,0.0,1.0,2.0,2.0,1.0,1.0,1.17
134,6-10year,Female,20-29,undergraduate,Procurement,3-5 times per day,Kingdee,Huawei phone,User owned,3.0,3.0,4.0,1.0,2.0,2.6,2.0,2.0,2.0,2.0,2.0,3.0,2.17,5.0,5.0,3.0,4.0,3.0,3.0,3.83,3.0,2.0,2.0,1.0,1.0,1.0,1.67,2.0,2.0,3.0,2.0,2.0,3.0,2.33,3.0,3.0,3.0,3.0,3.0,3.0,3.00,0.0,4.0,3.0,2.0,1.0,2.0,2.00
90,1-2year,Female,30-39,undergraduate,accounting,6-10 times per day,NERP,Huawei phone,User owned,3.0,2.0,2.0,2.0,3.0,2.4,6.0,6.0,6.0,5.0,6.0,6.0,5.83,4.0,4.0,3.0,4.0,3.0,3.0,3.50,1.0,3.0,2.0,2.0,3.0,1.0,2.00,1.0,2.0,2.0,2.0,2.0,2.0,1.83,6.0,5.0,5.0,5.0,5.0,5.0,5.17,0.0,1.0,1.0,2.0,2.0,1.0,1.17
316,more than 10 year,Female,more than 50,college,accounting,1-2 times per day,Inspur,iPhone,User owned,2.0,2.0,3.0,2.0,3.0,2.4,4.0,4.0,3.0,2.0,4.0,3.0,3.33,4.0,3.0,4.0,3.0,4.0,3.0,3.50,4.0,3.0,3.0,4.0,3.0,3.0,3.33,2.0,2.0,3.0,3.0,3.0,3.0,2.67,4.0,4.0,4.0,3.0,3.0,3.0,3.50,0.0,0.0,0.0,1.0,1.0,1.0,0.50
153,less than 1 year,Female,30-39,master degree,Procurement,1-2 times per day,Yonyou,Huawei phone,User owned,3.0,2.0,3.0,2.0,2.0,2.4,4.0,4.0,3.0,4.0,3.0,4.0,3.67,4.0,4.0,4.0,5.0,5.0,4.0,4.33,6.0,5.0,5.0,4.0,4.0,4.0,4.67,4.0,4.0,2.0,3.0,2.0,6.0,3.50,5.0,4.0,4.0,4.0,4.0,4.0,4.17,0.0,0.0,1.0,1.0,1.0,0.0,0.50
232,3-5year,Female,less than 20,high school,Budget,1-2 times per day,NERP,Huawei phone,User owned,4.0,2.0,2.0,1.0,3.0,2.4,1.0,1.0,2.0,2.0,2.0,2.0,1.67,1.0,3.0,1.0,1.0,2.0,3.0,1.83,4.0,2.0,2.0,2.0,1.0,1.0,2.00,2.0,3.0,3.0,3.0,3.0,3.0,2.83,3.0,2.0,3.0,2.0,3.0,2.0,2.50,2.0,0.0,1.0,3.0,2.0,2.0,1.67
144,1-2year,Intersex,20-29,college,Budget,1-2 times per day,Yonyou,iPhone,User owned,3.0,1.0,1.0,4.0,2.0,2.2,2.0,3.0,2.0,4.0,3.0,1.0,2.50,3.0,4.0,3.0,3.0,3.0,3.0,3.17,2.0,2.0,1.0,1.0,1.0,1.0,1.33,3.0,3.0,3.0,2.0,2.0,2.0,2.50,6.0,4.0,4.0,4.0,2.0,3.0,3.83,0.0,0.0,0.0,0.0,1.0,0.0,0.17
195,3-5year,Female,20-29,college,Procurement,6-10 times per day,NERP,Huawei phone,User owned,2.0,2.0,2.0,2.0,2.0,2.0,6.0,3.0,4.0,3.0,2.0,4.0,3.67,4.0,4.0,4.0,5.0,5.0,4.0,4.33,1.0,0.0,1.0,1.0,1.0,0.0,0.67,4.0,4.0,5.0,2.0,4.0,3.0,3.67,3.0,3.0,2.0,2.0,2.0,1.0,2.17,3.0,2.0,1.0,1.0,3.0,2.0,2.00
219,less than 1 year,Female,less than 20,high school,accounting,1-2 times per day,NERP,iPhone,User owned,2.0,1.0,2.0,1.0,3.0,1.8,4.0,2.0,4.0,1.0,2.0,2.0,2.50,4.0,4.0,4.0,4.0,4.0,3.0,3.83,2.0,2.0,2.0,2.0,2.0,2.0,2.00,2.0,2.0,2.0,3.0,3.0,3.0,2.50,3.0,3.0,3.0,3.0,3.0,3.0,3.00,0.0,0.0,1.0,1.0,0.0,0.0,0.33